chunk	mod	action	motif	match	matched_link	ref	note	evidence
P2	aileron	add-keep	M-33	n/a	(new)	NEW aileron:cloudskipper + aileron:smokestack (enchants) → via ars_nouveau:enchantment (ap	touches the magic→aeronautics gap directly; verify apparatus accepts modded enchant levels before authoring.	enchant ids jar-confirmed in the loot digest; ars_nouveau:enchantment recipe type registered (dossier)
P2	cold_sweat	add-keep	M-26	n/a	(new)	NEW tfmg:coal_coke(+coal_coke_block) → via Cold Sweat hearth/boiler fuel config → premium 	one fuel market spanning pressure and the logistics arm — the starved seam, delivered as config only.	tfmg:coal_coke jar-confirmed; hearth/boiler fuel lists are config-listable; aeronautics burner already heat-ladder-tied 
P1	copperagebackport	add-keep		n/a	(new)	NEW copperagebackport copper deco/chests ← create:copper_sheet → via replaceInput (81 patt	one replaceInput line extends an approved shipped batch — cheap, consistent, no new motif.	mod absent from 81-decoration-metal.js's mod list; its recipes craft from raw copper ingots on the vanilla table (digest
S13	create_confectionery	add-keep	M-26	n/a	(new)	NEW create_confectionery:hot_chocolate → via cold_sweat food-temperature config → winter w	the M-12 CUT judged the stock Regen effect, not temperature config; verify cold_sweat's food-temperature key before authoring.	cold-sweat.pw.toml in pack; hot_chocolate + bottle/bucket grounded in digest; cold_sweat waterskins prove temperature-ca
P1	create_winery	add-keep	M-35	n/a	(new)	NEW create_winery:red/white_grape_pomace → via create_winery:maturing (wine_cellar) → wine	register create_winery:maturing in M-35's method list; the pack's first shipped maturation good — ledger update, no recipe authoring.	recipes digest: ten maturing/maturing_blend recipes (bordeaux..zinfandel) + create:compacting grapes→pomace + create:mix
P1	create_winery	add-keep	M-16	n/a	(new)	NEW create_winery:red/white_grape_bush → via Serene Seasons fertility config → season-gate	config-only; vintage cycles stack naturally on the M-35 aging identity.	grape bushes worldgen in temperate biomes (digest biome_modifier); M-16 is flagged "priority survival lever — want more 
P1	occultism	add-keep	M-29	n/a	(new)	NEW occultism:dimensional_mineshaft → via authored crafting (c:plates/steel + a Create pre	keeps M-18 honest; feeds the starved Create→magic seam.	Create's ore-excavation sink is deliberately T4-expensive (spine/00-tiers excavation_sink) while the mineshaft is cheap;
S15	quark	add-keep	M-12	n/a	(new)	NEW <quark:crab_shell> → via create:milling → minecraft:bone_meal x2	digest cannot see brewing — verify in-game that crab_shell is not already a potion ingredient before authoring.	crab_shell sits in the CONNECTIVITY.md drop-only table (quark pile, nothing consumes it in the recipe graph); quark:enti
S10	railways	add-keep	M-26	n/a	(new)	NEW railways:fuel_tank (+coal/charcoal or tfmg fuels) → via S'nR native train-fuel consump	verify fuel registry surface (config vs tag) before authoring; if TFMG liquids feed it, log reagent-ownership check vs M-13's aeronautics reservation. [BALANCE-	digest: railways:fuel_tank, portable_fuel_interface, smokestack_coalburner* exist; no config/railways* shipped (mod defa
P2	sereneseasons	add-keep	M-31	n/a	(new)	NEW tropical wet/dry vs temperate four-season asymmetry → via SS fertility/biome-season co	the deliberate pressure→aeronautics probe result; verify tropical biome tagging in-pack before tuning fertility windows.	SS has a separate tropical season cycle by biome tag; pack worldgen (Terralith) has tropical biomes; pairs with minecolo
S16	smokeleafindustries	add-keep	M-12	n/a	(new)	NEW smokeleafindustries:hemp_plastic → via tfmg processing (mixing/chemical) → tfmg:plasti	conversion recipe NOT tag-union (bypass would erode TFMG's oil chain); hemp bio-plastic is real-world "of course" [BALANCE-PENDING: rate vs oil-derived sheet].	digest: tfmg c:ingots/plastic = {tfmg:plastic_sheet} only; hemp_plastic exists untagged, unconsumed; 93-smokeleaf.js lef
S18	spawn	add-keep	M-11	n/a	(new)	NEW spawn:sunstone → via occultism:spirit_fire → light-magic reagent	sibling of the ratified anglerfish M-11; verify the dropping mob's tone in-game first — the digest cannot ground it.	CONNECTIVITY drop-only table (spawn: angler_fish, music_disc_rain, sunstone); digest shows no recipe touches sunstone
S15	underground_village	add-keep		n/a	(new)	NEW <stoneholm:andesite_worker+brass_worker+copper_worker loot> → via LootJS/datapack tabl	the mod update introduced a lock bypass after v0.7.0 shipped; trim to brass/copper sheets, casings, cogwheels — Create-salvage flavor kept.	v2.0 jar tables drop create:precision_mechanism and create:electron_tube — the exact two ids route-locked by spine/10-lo
S03	alcohol_industry	balance-note	M-35	motif-exact	alcohol_industry→economy	alcohol_industry→economy	additive premium only, never replace raw bottling (depth-scales). [BALANCE-PENDING: aged-vs-raw premium needs a real demand-side rate from play]	create_cheese:maturing accepts arbitrary tagged inputs with extensible outputs (dossier); no aged items exist in the 2.1
S11	beachparty	balance-note	M-26	motif-exact	beachparty cocktails → survival (M-26)	beachparty cocktails → survival (M-26)	authored bit is buff tuning to demand-worthy effects; Cold Sweat cooling config an optional pressure tooth. [BALANCE-PENDING: buff strength/duration vs potions]	recipe digest: all six cocktails consume ice+crops via palm_bar_mixing; dossier: cocktails natively grant short buffs
S01	betterstrongholds	balance-note	M-08	motif-exact	betterstrongholds loot→economy	betterstrongholds loot→economy	faucet question was weighed at ratify (deep-treasure only). [BALANCE-PENDING: seeded-coin volume vs player-mint primacy once the mint lands]	betterstrongholds:chests/treasure exists (digest); numismatics absent from kubejs so the v0.13.0 sequencing (seed + mint
S11	companions	balance-note	M-11	motif-exact	companions:crystallized_blood → magic (M-11 via occultism:spirit_fire/ritual)	companions:crystallized_blood → magic (M-11 via occultism:spirit_fire/ritual)	output = existing occultism id or spirit_solution (reagent table: reuse, don't invent). [BALANCE-PENDING: native altar demand vs spirit-fire demand on one drop]	spiritFire idiom shipped (35-magic-web-mobs.js); crystallized_blood in digest; companions:soul_furnace recipe type regis
S05	create_enchantment_industry	balance-note	M-37	motif-exact	create_enchantment_industry→economy	create_enchantment_industry→economy M-37 (printer books gate colony research)	cost written_book stacks so the printer is the practical route (hand-writing satisfies small counts); author at v0.11.0 with the colony pillar. [BALANCE-PENDING	nothing shipped (98-minecolonies.js is quarries only); MineColonies research is datapack JSON with itemCost — overridabl
S08	create_integrated_farming	balance-note	M-11	motif-exact	lava_fishing_net nether drops (blaze rods, magma cream) → magic	lava_fishing_net nether drops (blaze rods, magma cream) → magic	net yields are code-driven (no gameplay loot table for nets in digest) — playtest must verify the lava net actually supplies these. [BALANCE-PENDING: lava-net y	spirit_fire/imbuement are proven KubeJS surfaces (34/35-magic-web-*.js); blaze rod/magma cream are unreserved vanilla co
S06	createimmersivetacz	balance-note	M-31	motif-exact	createimmersivetacz ammo → aeronautics (M-31 logistics-required bulk good)	createimmersivetacz ammo → aeronautics (M-31 logistics-required bulk good)	no weight mechanic exists; edge rests on volume+regionality, keep emergent. [BALANCE-PENDING: do bulk ammo volumes at playtest scale exceed casual hand-carry?]	kubejs/data/pcmc/gtmogs/ore_vein/zinc.json + copper.json are biome-filtered — brass ammo production is region-locked
S18	createoreexcavation	balance-note	M-08	motif-exact	createoreexcavation vein table (scarce regional metals) → economy (M-08 player-minted curr	createoreexcavation vein table (scarce regional metals) → economy (M-08 player-minted curr	shipped T4 reframe de-fangs the infinite-faucet risk; coin-metal vein config still open. [BALANCE-PENDING: vein extraction rate vs mint demand]	spine/55-weave-excavation.js T4-gated drilling_machine/extractor on TFMG circuits+motors; vein yields stock, "finite/cur
S18	createoreexcavation	balance-note	M-30	motif-exact	createoreexcavation vein table → economy (M-30 regional-scarcity gate)	createoreexcavation vein table → economy (M-30 regional-scarcity gate)	the natural follow-on of the ore-map rewrite. [BALANCE-PENDING: M-08 coin metals and M-30 regional supply are two demands on one vein table]	v0.7.0 shipped the GTMOGS regional ore map; 55-weave-excavation.js explicitly defers vein curation to v0.9.0
S13	dtterralith	balance-note	M-10	motif-exact	dtterralith:amethyst_seed (amethyst-cave biome) → magic (M-10 via ars_nouveau:imbuement)	dtterralith:amethyst_seed (amethyst-cave biome) → magic (M-10 via ars_nouveau:imbuement)	output must be an existing intermediate (source_gem fits the pattern). [BALANCE-PENDING: farmed DT trees re-drop seeds — gem-mint rate needs play data]	dtterralith:amethyst_seed in dtterralith-1.3.0 digest; shipped imbue pattern 35-magic-web-mobs.js (shiny_pearl→source_ge
S01	dungeons-and-taverns-v4.4.4	balance-note	M-08	motif-exact	dungeons-and-taverns loot→economy M-08	dungeons-and-taverns loot→economy M-08	same mint-sequencing as betterstrongholds. [BALANCE-PENDING: combined chest-coin volume across the three structure-loot mods]	same nova_structures vault/tavern surface; sparing-distribution condition carried from ratify
S14	dungeons_arise_seven_seas	balance-note	M-34	motif-exact	galleon/fortress loot → economy M-34	galleon/fortress loot → economy M-34	deliver into *_treasure (no "captain cabin" table exists); keep the MERGE's aeronautics-part-as-trade-good in the seed list. [BALANCE-PENDING: seeded salvage vo	same five ship-family tables grounded in loot digest; nothing in kubejs yet (no dungeons_arise reference anywhere)
S10	exposure	balance-note	M-29	motif-exact	exposure→create	exposure→create (M-29 occultism silver-halide film)	keep it one mixing step (consumable, depth rule). [BALANCE-PENDING: silver already carries mint-metal + magic demand — third draw needs play data]	shipped 92-exposure.js Create-ified devices only and explicitly left film alone ("consumable chemical emulsion") — open,
S07	farmersdelight	balance-note	M-26	motif-exact	farmersdelight diet-system foods → survival (M-26 consumption sink, AppleSeed pressure)	farmersdelight diet-system foods → survival (M-26 consumption sink, AppleSeed pressure)	mechanism shipped and native [BALANCE-PENDING: FD dish diet-group coverage vs mining-hunger drain needs play data].	diet-appleseed-edition.pw.toml + spice-of-life-maids-dream in pack; mining-hunger.js amplifies food drain
S05	fxntstorage	balance-note	M-28	motif-exact	fxntstorage hardened-tier→economy (colony cheaper-basics)	fxntstorage hardened-tier→economy (colony cheaper-basics) M-28	delivery correction: no "storage hut" crafter exists — teach the Mechanic hut via crafterrecipes datapack. [BALANCE-PENDING: colony discount vs hand-craft margi	nothing shipped (98-minecolonies.js is quarries only); MineColonies crafterrecipes datapack JSON is the real surface; ro
S17	illagerinvasion	balance-note	M-02	motif-exact	hallowed_gem (Invoker boss drop)→magic via arcane infusion catalyst	hallowed_gem (Invoker boss drop)→magic via arcane infusion catalyst	occultism ritual ingredient is the cleaner read (native Imbuing Table already owns over-cap enchants). [BALANCE-PENDING: native imbuing and the new catalyst sin	not yet in shipped magic web (no illagerinvasion hits in kubejs/); 35-magic-web-mobs.js proves both proposed methods (im
S02	occultengineering	balance-note	M-08	motif-exact	occultengineering:sterling_silver → economy	occultengineering:sterling_silver → economy (M-08)	honor ratify caveat (occultism silver is the real silver; check ritual-gate conflict). [BALANCE-PENDING: mint rate vs regional silver supply]	no sterling_silver recipe anywhere in kubejs/ (unshipped, v0.13.0); digest grounds c:ingots/sterling_silver; numismatics
P1	occultism	balance-note	M-08	motif-exact	occultism:silver_ingot (c:ingots/silver) → economy	occultism:silver_ingot (c:ingots/silver) → economy M-08	loop-positive tension, not double-spend; flag BALANCE-PENDING on silver supply before the mint lands.	silver vein shipped (w35, biome-locked) BUT silver already feeds layered_magnet (spine/52) — two demands on one vein
S08	simplehats	balance-note	M-34	motif-exact	simplehats grab-bags→survival (boss loot-seed)	simplehats grab-bags→survival (boss loot-seed)	tier bags to boss tiers; keep rates collector-scarce. [BALANCE-PENDING: seeded bag rates vs the mod's native mob-drop bags]	simplehats:hatbag_common/uncommon/rare/epic in digest 0.4.0; LootJS boss/chest seeding pattern proven by 40-gamediscs-lo
S15	sky_whale_ship	balance-note	M-34	motif-exact	sky_whale_ship loot → economy M-34	sky_whale_ship loot → economy M-34	[BALANCE-PENDING: lootr per-player chest instancing multiplies whale loot supply per player; rates need play data]	framing is item-agnostic and survives; rides the same LootJS delivery and table-existence caveat as the M-15 line
S10	t_and_t	balance-note	M-02	motif-exact	t_and_t→magic	t_and_t→magic (M-02 reagent loot-seed)	material faucets are fine — only coin faucets are banned. [BALANCE-PENDING: occultism silver_ore rates must not leak the GTMOGS regional-silver gate; prefer nug	t_and_t loot=yes (digest); kubejs loot edits are established practice (40-gamediscs-loot.js); nothing shipped yet for t_
S08	touhou_little_maid	balance-note	M-34	motif-exact	power_point_bottles (fairy drops / village loot)→economy	power_point_bottles (fairy drops / village loot)→economy	actual item id is power_point, not power_point_bottle. [BALANCE-PENDING: seeded supply vs fairy-farm self-supply]	touhou_little_maid:power_point confirmed in digest 1.5.3; LootJS seeding pattern proven (40-gamediscs-loot.js); bountifu
S20	trek-b0.6.1.1	balance-note	M-02	motif-exact	trek structures→magic	trek structures→magic	filed M-02 but mechanism is loot-seed, not mob-drop sink. [BALANCE-PENDING: seed rate vs imbuement-produced source gems]	dossier: 0 items, loot=yes (chest tables); no trek refs in kubejs yet (v0.11.0); loot-seed delivery practiced in-pack (4
S02	upgrade_aquatic	balance-note	M-02	motif-exact	upgrade_aquatic jellyfish / thrasher mob drops → magic	upgrade_aquatic jellyfish / thrasher mob drops → magic (M-02)	seed an existing occult/ars reagent, no new items. [BALANCE-PENDING: drop rate vs ritual demand]	unshipped; UA loot=yes (digest); pack precedent for loot-seeding (40-gamediscs-loot.js) and M-02 home (35-magic-web-mobs
S16	bountiful	custom	M-31	n/a	(new)	NEW bounty type: physical delivery contract (haul goods to a distant board/colony)	code-side bounty objective "deliver N goods to board B"; makes boards generate cargo runs, not just fetch quests.	slate cut "aeronautics cargo delivery objective" as no-method ("legitimate future gate-0 candidate"); Bountiful objectiv
S10	createlowheated	custom	M-16	n/a	(new)	NEW season/cold → via winter-scaled burner fuel draw → createlowheated:basic_burner (+boil	cold months raise solid-fuel consumption of burners; makes seasons matter to industry, spikes coal logistics each winter.	no season↔fuel coupling exists in any pack mod; KubeJS can't reach burner burn-rate by season
S15	quark	custom	M-10	n/a	(new)	quark:ancient_bookshelf as enchanting-apparatus amplifier	wanted feature: nearby quark:ancient_bookshelf grants the enchanting_apparatus a source-cost or speed bonus — code-side block behavior.	mechanism absent (apparatus reads source jars only); pcmc-arcana is the magic-side landing zone per docs/CUSTOM-MODS.md
S13	valarian_conquest	custom	M-02	n/a	(new)	NEW valarian_conquest faction-lord relic (new drop) → via occultism:ritual / ars imbuement	pcmc-arcana candidate: relic item + lord-kill drop hook; KubeJS then sinks it M-02 style (35-magic-web-mobs.js pattern).	lords/captains exist (templar_lord_item, lord_coronet_helmet) but jar has zero entity loot tables
S09	woodworks	custom	M-10	n/a	(new)	woodworks→magic (M-10 bookshelf source-bonus)	pcmc-arcana candidate: tag-driven "nearby bookshelves buff apparatus speed/source"; ratified config delivery is unauthorable as written.	Ars Nouveau has no bookshelf-power mechanic on apparatus/imbuement and no config for one; KubeJS/datapack can't reach bl
S13	zombiemoon	custom	M-22	n/a	(new)	NEW zombiemoon horde-night kills → via event-conditioned drop hook → lunar reagent into ma	pcmc-arcana candidate; the ratifier's own CUT note already said "route to build task".	M-22 mandate "applies to ALL the moons"; Horde Moon exposes no items or readable event state (digest empty), so KubeJS/L
P2	aeronautics	drop	M-15	AMBIG	levitite_blend crystallization→magic (arcane catalyst gate)	portable_engine boss-key tier gate (DEFER)	resolve the DEFER as no — double boss-gating one pillar over-gates it; revisit only if playtest shows engines trivializing tiers.	40-gates.js gates aeronautics:gyroscopic_propeller_bearing behind cataclysm:ancient_metal_ingot; engine is already seque
S16	bakery	drop	M-12	NONE		wheat→flour via create:milling (M-12)	all bakery rows are moot; remove from slate.	no mods/*.pw.toml or digest for bakery; commit 6bcba06 "Cut Let's Do tree (keep Beachparty)"
S16	bakery	drop	M-28	NONE		bakery finished goods → MineColonies cook-hut colony demand (M-28)	if colony food demand is still wanted, it belongs to surviving food mods, not this slate row.	commit 6bcba06; digest absent (post-#312 invariant: missing = not installed)
S16	bakery	drop	M-26	NONE		bakery luxury goods (tarts/cakes) → consumption sink (M-26)	moot.	commit 6bcba06
S17	betteroceanmonuments	drop	M-08	fuzzy	betteroceanmonuments loot→magic	betteroceanmonuments loot→economy	slate self-contradiction; the dungeon's economy payoff is the tradeable M-02 reagent hoard, not seeded currency.	ledger M-08 is "player-minted currency… never an NPC sink" (WEAVE-LEDGER line 35); shipped createblockchain config makes
S16	bountiful	drop	M-08	motif-exact	Decree objective pool→Create-processed goods (M-08/M-12, times=5+3+2)	bounty payout→numismatics coin faucet (M-08, times=9+4 opus)	row relabels the cut M-14 pattern as M-08; link text says "faucet" itself. #137 goods/rep rescope stays open.	WEAVE-LEDGER M-14 "CUT — Bounty → coin ... NPC coin faucet, cut #163/#240; re-scope #137 to goods/rep payout or close"; 
S11	byzantine	drop	M-28	NONE		byzantine schematic styles → economy (M-28)	row attributes minecolonies' colony-route edge to its style pack; anchor bookkeeping with no loop motion — the demoted class.	digest: 0 blocks, 0 items, 0 recipes; dossier 2nd-anchor verdict: "none — leave... don't force one"
S11	byzantine	drop	M-30	NONE		byzantine colony buildings requiring exotic/region-locked stone → economy (M-30)	premise false AND delivery unauthorable; colony-pulled regional demand, if wanted, is a minecolonies-level weave, not byzantine's.	GTMOGS region-locks ORE veins, not building stone — deepslate/basalt/end-stone-bricks are obtainable anywhere; schematic
S03	charta	drop	M-04	fuzzy	charta:empty_wine_glass / empty_beer_glass → survival	charta bar furniture → create	loop-inert deco plumbing (the demoted class); charta's real weave is the glassware row below.	the v0.7.0 plumbing batch shipped metal/stone-scoped (35-web-bridges.js crush; 81-decoration-metal.js sheet-routing) and
S17	chefsdelight	drop	M-33	NONE		chefsdelight Cook/Chef villager → service-for-hire (player-economy labor)	slate self-contradiction; an NPC cook also displaces the player-chef specialization the M-12 food weaves feed; villager trades stay vanilla-ambient.	ledger M-33 (line 60): "a specialist performs work on another player's materials… value flows player→player, no vendor";
P1	copperagebackport	drop	M-28	AMBIG	NEW copperagebackport copper deco/chests ← create:copper_sheet → via replaceInput (81 patt	copper golem → MineColonies courier/warehouse role M-28	the reinstated row over-reached; re-open only if playtest shows golems serve colony chests.	the golem ferries between Copper Chests and chests (dossier); MineColonies stores in its own racks and jobs belong to ci
S18	create_better_villagers	drop	M-08	NONE		CBV villager trades → economy	reframe postdates ratification; no coin-villager weave survives it — emerald trades stay vanilla-ambient.	WEAVE-LEDGER M-08 status (reframed #163/#240): "coins are the player-to-player settlement medium, never an NPC sink" — r
S18	create_better_villagers	drop	M-30	NONE		CBV Miner villager (buys raw regional metals) → economy	emerald-paid it is ambient, coin-paid it is a faucet — dead either way; player buyers, not NPCs, are the loop.	M-30's binding form is "regional ore-gen → recipe input"; CBV registers no recipes (digest: 0 blocks/items, no recipe ty
S12	create_compressed	drop	M-28	NONE		create_compressed mechanism_block / cogwheel_block → economy (MineColonies)	target items gone; colony bulk requisition needs no compression proxy — MineColonies requests stacks natively.	no manifest or digest entry remains (digest⟷manifest invariant); PATCHNOTES.md v0.7.0: "Create Compressed removed — stor
S12	create_compressed	drop	M-31	NONE		create_compressed crushed_<scarce>_pile blocks → economy (M-31 bulk-good logistics)	M-31 bulk-ore-as-airship-cargo survives on raw crushed-ore stacks; no storage-block proxy required; drop cleanly.	same removal; v0.7.0 also rewrote the ore map, so the crushed-pile compression formats no longer exist
S20	create_hypertube	drop	M-06	AMBIG	hypertube_entrance (sequenced_assembly) requires a magic reagent sub-component → magic	hypertube_entrance/accelerator → Create	dossier line "Crafted via create:sequenced_assembly" is wrong for entrance; the slate's own nixie cut holds M-06 to endgame keystones — mid-tier transit isn't o	recipes digest: entrance and accelerator are minecraft:crafting_shaped (cogwheel+smart_chute; precision_mechanism); ONLY
S15	create_ltab-3.9.2	drop	M-08	NONE		Create-themed structure loot tables → economy	slate self-contradiction; jar loot already pays exploration in Create goods — brass, sheets, zinc (tools/mod-data/loot/create_ltab-4.0.2.txt).	identical mechanism CUT three times in the slate (createblockchain piggy_bank "NPC coin faucet", formationsnether M-08, 
S15	create_ltab-3.9.2	drop	M-15	NONE		Create-themed structure loot tables → Create	deep ruins already reward Create components natively; a gate fragment would open a third unlock route the design rejected.	spine/10-locks.js implements #220 (colony or boss routes only); create_ltab's own sibling CUT rows call structure loot a
S01	create_sa	drop	M-10	NONE		blazing tools (blazing_pickaxe/axe/cleaver) → magic via arcane infusion	contested 5/5 at discovery; two passes can't name a mechanism; create_sa is already densely anchored post-v0.7.0.	ars_nouveau:imbuement is item→item (26 recipes in digest) — no upgraded-tool item exists to output; ars_nouveau:enchantm
P1	createaddition	drop	M-13	fuzzy	farmed seeds/crops → createaddition:seed_oil → createaddition:liquid_burning (FE)	createaddition:seed_oil / bioethanol → aeronautics engine (early-tier fuel) M-13	same precedent as the CBC ammo-shipping M-31 cut: emergent, not authorable.	no "Aeronautics engine intake" mechanism exists; a liquid_blaze_burner + boiler aboard a ship already flies on bioethano
P1	createbigcannons	drop	M-08	fuzzy	createbigcannons munitions/shells→economy (combat supply)	createbigcannons cannon-grade-steel→economy (mint) M-08	with tfmg steel-mint also challenged, kill the steel-mint idea once, in both rows.	recipes/05-metals.js re-points CBC melts to tfmg:molten_steel and AlmostUnified collapses the ingots — "cannon-grade ste
S13	dtterralith	drop	M-12	AMBIG	dtterralith:amethyst_seed (amethyst-cave biome) → magic (M-10 via ars_nouveau:imbuement)	dtterralith exotic seeds (cedar/jacaranda/maple/kapok) → create (M-12 via create:milling)	deco-crush-class link (the demoted failure mode); the seeds' loop value lives in the native regional-species edge, not a milling product.	"wood pigment"/"resin powder" outputs exist in no digest; nearest real outputs are vanilla dyes
S07	endrem	drop	M-15	fuzzy	endrem boss-linked eye collection → economy (combat-route supply / emergent trade)	endrem boss/structure eyes → survival loot-seeding (danger-locked supply)	row re-authors the mod's own behavior; any delta is rate curation, not a weave.	dossier: "each tied to a unique source — most in structure loot chests, some from bosses/mining"; nether_eye is natively
S09	fluid	drop	M-16	NONE		fluid:aqueduct / copper_tap → survival M-16	motif misfit + unauthorable as config; winter-freeze would be code-side flavor driving self-adaptation, not trade — below custom-mod bar.	M-16 def (WEAVE-LEDGER: season-gated input *feeds a method*); aqueduct fluid is Create-network block-entity fluid, Seren
S09	formations	drop	M-02	NONE		formations generated altars/pedestals → magic (loot-seed magic reagent)	the v0.11.0 exploration→magic edge is already carried by betterdungeons M-02 on real loot tables; revisit only if playtest shows lootable formations chests — un	digest: loot=no, 0 blocks, 0 biome-modifiers, no structure-registry trace — placement looks code-side and chest presence
S08	gamediscs	drop		NONE		ratified LEAVE (pure cosmetic novelty, no anchor earnable)	the LEAVE was overtaken: v0.7.0 authored a real Create + exploration-loot weave; drop the stale verdict.	kubejs/server_scripts/recipes/99-gamediscs.js + kubejs/server_scripts/40-gamediscs-loot.js (#170)
S16	gravestone	drop	M-33	NONE		gravestone:obituary → economy (M-33 service-for-hire: death recovery)	briefing failure mode verbatim — anchor bookkeeping with no loop motion. Recovery-for-hire happens or not without a ledger row.	row's own delivery field = "emergent" (nothing authorable, can never ship); dossier 2nd-anchor: "none — leave. any weave
S08	immersive_paintings	drop		NONE		ratified LEAVE (pure client-side decorative-expression, no material surface)	LEAVE overtaken by a shipped Create routing of all four craftables; drop the stale verdict.	kubejs/server_scripts/recipes/23-immersive-paintings.js (#172)
S06	mcwstairs	drop	M-04	NONE		mcwstairs stone/brick/blackstone stair/railing variants → create:crushing M-04	shipped batch philosophy supersedes the pending pass; 81-decoration-metal.js's mcwstairs entry is a no-op anyway (digest shows no metal-ingot recipes).	the shipped M-04 batch (35-web-bridges.js) deliberately skips vanilla-material variant families ("already sit in the van
S03	mcwwindows	drop	M-04	NONE		mcwwindows stone parapet / arrow-slit variants → create:crushing M-04	the row's premise ("every stone deco block crushes") never shipped; ~50 recipes of bloat for zero loop motion — superseded.	the shipped batch (35-web-bridges.js) deliberately scopes crushing to orphaned worldgen stones and skips vanilla-materia
S06	minecolonies_compatibility	drop	M-05	AMBIG		citizen_terminal/citizen_stock_keeper→create M-05	one half redundant, other half targets dead items; JEI-hide terminal/grid instead (housekeeping, not a weave).	recipe digest — citizen_stock_keeper already consumes create:stock_link; citizen_terminal/citizen_grid are neoforge:item
S02	modulargolems	drop	M-33	NONE		modulargolems assembled golem → service-for-hire (golem specialist builds for others) (M-3	golemancer-for-hire happens on its own; nothing to author; ledger row is bookkeeping, not a weave.	the row's own delivery field is "config (emergent)"; slate consistently cut emergent-only M-33 rows elsewhere (create_pa
S14	mowziesmobs	drop	M-10	AMBIG	sol_visage / earthrend artifacts→magic via ritual transmutation	SHIPPED 35-magic-web-mobs.js: ice_crystal → ars_nouveau:imbuement → water_essence (beyond-	drop or re-point the input (glowing_jelly already carries mowzies→source); ownership conflicts are a DECISIONS.md escalation, not a local override.	ratified MERGE ruled "ice_crystal can ONLY serve one master… M-15 Create primary"; ledger §2 reserves each boss's signat
S12	naturalist	drop	M-34	AMBIG	naturalist:glow_goop → ars_nouveau:imbuement (M-10)	naturalist large predator drops → economy M-34 (combat-route supply)	combat-supply re-anchors on alexsmobs' kept versions — that slate's row, not naturalist's; this row's item basis was partly invented.	v0.7.0 dedupe denies naturalist:bear + naturalist:rattlesnake spawns (config/incontrol/spawn.json); digest has no "bear 
P1	numismatics	drop	M-26	AMBIG		blaze_banker (requires blaze rods)→survival (consumption sink) M-26	mechanism-pending pattern; refile as an issue if banker-fuel still wants pursuing.	no blaze_banker recipe in the digest and no rod-upkeep documented anywhere (dossier: "stokes the bank" only); per-transa
S15	quark	drop	M-12	motif-exact	NEW <quark:crab_shell> → via create:milling → minecraft:bone_meal x2	quark crop/food storage_blocks (apple_crate, carrot_crate, potato_crate, sugar_cane, etc.)	violates the anti-arbitrage rule; without the nugget it merely duplicates vanilla crafting — loop-inert either way.	crates already compress AND uncompress on the crafting table (quark:building/crafting/compressed/apple_crate{,uncompress
S15	quark	drop	M-10	motif-exact	quark:ancient_wood (Glimmering Weald underground biome) → ars_nouveau:imbuement (arcane in	quark:ancient_bookshelf (Glimmering Weald) → ars_nouveau:enchanting_apparatus (power bonus	variant bookshelves boosting the vanilla enchanting table is native Quark behavior already; nothing authorable remains in this row.	false premise — the Ars enchanting_apparatus draws Source from jars/pedestals, not bookshelves; there is no bookshelf-po
S05	rechiseled	drop	M-28	NONE		rechiseled high-detail stone variants → economy M-28	demand-gate with no scarcity behind it — colony already requests stone natively; forking style packs is disproportionate for a value-inert hop. DROP; Create anc	builder requests are schematic-driven, not config — pack has zero custom Structurize style packs (no structurize/minecol
S07	rechiseledcreate	drop	M-04	NONE		rechiseledcreate chiseled stone/window blocks → create:crushing (M-04 deco-recycle)	island reading is a metric gap (rechiseled:chiseling edges unparsed by connectivity.py) — fix tooling, not 242 crush recipes.	dossier: chiseling converts within a recipe family 1:1 (base blocks included); absent from shipped 35-web-bridges.js, wh
S17	ribbits	drop	M-08	AMBIG	ribbits:toadstool / brown_toadstool → occultism:spirit_fire M-11	ribbits amethyst-shard trade → economy M-08 (player-minted currency framing)	Ribbit merchants natively sinking shards for swamp goods stays as ambient flavor; wiring NPC barter deeper into the player economy is against the player-run doc	shipped coin policy (config/createblockchain-common.toml header): one FE-priced mint, ~10x gated, SPUR-only, "never a mo
S19	s_a_b	drop	M-06	NONE		s_a_b:hardsteelblock/doublesteelblock→create M-06	slate premise ("springs from a mixing bowl") is false in 1.4.3; per-block sequenced_assembly on bulk hull material grinds warship building, adds no edge.	digest recipes s_a_b:compacting/{light,steel,hard,double}_steel_block — native ladder via create:compacting of tfmg:heav
S19	s_a_b	drop	M-34	NONE		s_a_b steel plates→economy M-34	demand-gating is already done by the native TFMG-plate chain; the folded M-31 bulk-freight context stays a design lens, not an authorable recipe.	M-34 is combat-route supply (danger output), not factory output; the slate itself cut cataclysm's analogous M-34 row ("t
S10	t_and_t	drop	M-33	fuzzy	t_and_t→economy	t_and_t→economy (M-33 trading_floor stall seeding)	deco-crush class; re-express the "villages are trade hubs" intent as wiki/onboarding copy, zero authoring.	no config surface exists (trading_floor digest: one block; T&T structures are NBT/cristellib — injection means fragile s
P1	tfmg	drop	M-08	fuzzy	tfmg:steel→aeronautics M-23	tfmg:steel→economy M-08	keep the regional trio tin/silver/palladium as mint metals; steel is the hull metal, not the settlement medium.	recipes/05-metals.js unified ALL steel into one pool; the slate itself CUT ironworks steel-mint for coin inflation — sam
P1	trading_floor	drop	M-08	fuzzy	trading_floor:trading_depot → economy (cross-route bridge + colony labor)	trading_floor:trading_depot → economy (Create-processed goods → player-minted coin / emera	M-08 credit lives at the numismatics mint chains; a villager-emerald loop is the pattern the player-run rework killed.	the block ONLY automates villager trades (dossier: 1 block, no recipe types); emeralds are its medium; the ratify-note's
S15	underground_village	drop	M-08	NONE		underground_village Stoneholm chest loot → loot-seed (numismatics coin)	v2.0 jar already pays exploration richly: emeralds plus Create components in worker rooms (tools/mod-data/loot/underground_village-2.0).	createblockchain piggy_bank CUT states the rule verbatim ("chest loot coins = NPC coin faucet, contradicts the player-ru
S15	underground_village	drop	M-04	NONE		underground_village Stoneholm structure blocks (dismantled) → create:crushing (M-04 deco r	vanilla stone-brick crushing is a pack-wide call for the batch, not this mod's weave; the row is a no-op as scoped.	digest: mod registers 0 blocks / 0 items; the row's "Stoneholm stone bricks / cobblestone / deepslate brick" are minecra
S13	valarian_conquest	drop	M-02	fuzzy	valarian_conquest faction loot (shields, armor, weapons) → economy M-08	valarian_conquest boss/elite drops (faction lord relics) → magic M-02	unauthorable both ways — no entity loot hook, and the relic would be invented content; re-filed under custom below.	loot digest = blocks/ tables only, zero entities/ tables; no relic-class item among 319 items
P2	aeronautics	mark-done	M-23	fuzzy	adjustable_burner fuel→create/aeronautics	aeronautics structural alloy→create (hull + drivetrain)	M-24 half thoroughly shipped. M-23 "hull" half is void — ships are free-form block builds, no hull-item registry to gate.	spine/54-weave-aeronautics.js (control ladder, TFMG circuits, Additions electric, Crafter builds) + 50-cross-tier.js (sm
P1	aeroworks	mark-done	M-24	NONE		NEW aeroworks:gyroscope/mechanical_servo/stepper_servo/joystick → via create:mechanical_cr	the whole 4-item mod is woven inbound AND consumed outbound; no further weave needed.	spine/54-weave-aeronautics.js re-authors all four items; spine/50-cross-tier.js makes aeronautics:smart_propeller consum
P2	aileron	mark-done	M-34	AMBIG	NEW aileron:cloudskipper + aileron:smokestack (enchants) → via ars_nouveau:enchantment (ap	aileron loot tables (enchant books) → survival	the mod already does this row; extending to modded dungeon tables is optional low-value polish.	loot digest — aileron:chests/end_city_treasure_elytra_enchants natively injects cloudskipper/smokestack books into minec
P2	ars_nouveau	mark-done	M-01	AMBIG	Wilden Guardian summon timing → magic (celestial gate)	foreign essences/lapis/amethyst → magic (M-01 hub)	hub exists; further mineral lanes are depth, not gaps.	33-magic-web-spine.js (arcane_essence both directions + occult essence on/off-ramps, allurite/lumiere-catalysed); lapis/
P2	ars_nouveau	mark-done	M-02	AMBIG		farm/mob surplus → survival (Sourcelink passive drain)	native mechanic, no pack artifact required; surface in wiki.	Agronomic/Vitalic Sourcelinks generate from crop growth and mob deaths natively; the row itself says "no recipe needed" 
S07	astikorcartsredux	mark-done	M-20	AMBIG		plow/reaper iron blade → create (M-20)	keystone supersedes the blade-level delivery (digest: plow has no iron natively); do not double-gate a daily tool.	kubejs/server_scripts/recipes/91-astikor-carts.js — wheel rebuilt around create:shaft, transitively gating all ~55 carts
S19	cataclysm	mark-done	M-15	fuzzy	cataclysm:amethyst_crab_meat (Blessed)→survival	cataclysm:ancient_metal_ingot→create	delivery differs from slate (mechanical_crafting gate, not sequenced_assembly) — a real equivalent; ladder exceeds the slate.	spine/40-gates.js T3 — aeronautics:gyroscopic_propeller_bearing requires cataclysm:ancient_metal_ingot via create:mechan
S17	chefsdelight	mark-done	M-26	NONE		chefsdelight feast-tier meals (Roast Chicken / Honey Glazed Ham) → diet-system consumption	row also mis-attributes FD items to chefsdelight; no authoring remains, the sink is live.	the named feasts are farmersdelight ids (FD digest; chefsdelight registers 0 items), and shipped Appleseed auto-derives 
P1	create_ironworks	mark-done	M-30	fuzzy	tin (c:ingots/tin, regional)→economy via player-minted coin	tin ore→economy via regional scarcity gate M-30	the KEEP's exact ask (confirm GTMOGS entries) is shipped reality.	kubejs/data/pcmc/gtmogs/ore_vein/tin.json + all three native ironworks biome-modifiers overridden neoforge:none
S14	create_jetpack	mark-done	M-06	NONE		create_jetpack:netherite_jetpack→create:sequenced_assembly (M-06, times=7 ACCEPT)	sequenced_assembly-as-specified needed a transitional item the mod lacks (digest: 4 items, no incomplete_*); the Crafter build is the real equivalent.	spine/40-gates.js T4 mechanical_crafting (electron_tube + precision_mechanism + advanced_energiser + 4 netherite + key),
S14	create_jetpack	mark-done	M-15	NONE		create_jetpack:netherite_jetpack→boss-drop gating (M-15, times=5+4+1+1 ACCEPT)	shipped v0.7.0, playtest-pending per file header; nothing left to author.	spine/40-gates.js keys the grid on cataclysm:cursium_ingot (Maledictus); no smithing bypass remains
S14	create_jetpack	mark-done	M-05	NONE		NEW create_jetpack:jetpack → via create:mechanical_crafting + createaddition:capacitor → e	beyond-slate shipped reality superseding the old M-05 CUT ("recipe-only tweak") — don't re-propose jetpack weaves.	spine/57-jetpacks.js (re-author + create_sa's four jetpacks disabled, #87); spine/00-tiers.js lists create_jetpack:jetpa
S04	create_new_age	mark-done	M-30	AMBIG	create_new_age:energising (method)→magic	create_new_age:thorium_ore (regional, 2 biome-modifiers)→economy	default worldgen disabled, GTMOGS vein is sole source; sporadic tfmg:lithium co-located.	kubejs/data/pcmc/gtmogs/ore_vein/thorium.json (biomes #pcmc:vein_thorium) + kubejs/data/create_new_age/neoforge/biome_mo
S01	create_sa	mark-done	M-17	NONE		brass_exoskeleton_chestplate → create via FE charging	as-ratified charging was unauthorable (gear holds no FE, burns engine fuel); the electric seam landed as build-cost instead.	spine/56-weave-stuff-additions.js — brass_exoskeleton mechanical_crafting requires 2x createaddition:capacitor (the earl
S01	create_sa	mark-done	M-06	NONE		NEW create_sa engines + power gear → via tier-anchored assembly seams → create/tfmg/aerona	beyond-slate shipped reality; future sweeps confirm, don't re-propose engine/jetpack/drone weaves.	spine/56 (heat_engine on createlowheated:basic_burner, steam_engine on c:ingots/steel, drill→createoreexcavation:drill, 
S05	create_train_parts	mark-done	M-20	NONE		create_train_parts brass/copper sliding windows + train steps → create:pressing (pressed s	native equivalent is stronger than the proposed sheets (casings sit above sheets in processing depth); no kubejs needed — close the row as natively satisfied, d	0.4.0 jar's STOCK recipes already gate every window/step/slide on create casings (brass_casing/copper_casing/andesite_ca
P1	createaddition	mark-done	M-24	AMBIG	createaddition:charging → irons_spellbooks FE-chargeable magic gear	createaddition:rolling → aeronautics wiring (copper/electrum wire as control-surface harne	shipped as sheets/motors rather than wire — same edge, satisfied.	spine/54-weave-aeronautics.js — electrum_sheet into aeroworks:joystick, electric_motor into stepper_servo; smart_propell
P1	createaddition	mark-done	M-29	AMBIG	createaddition:charging → irons_spellbooks FE-chargeable magic gear	NEW createaddition:capacitor/electric_motor/copper_wire → via create:mechanical_crafting →	beyond-slate shipped reality; recorded so future sweeps confirm instead of re-proposing.	spine/51-weave-additions-tfmg.js (all T3 machines need Additions parts; capacitor = the T3 token w/ overcharged_iron) + 
S15	createblockchain	mark-done	M-08	AMBIG	createblockchain:mining_core (geode worldgen consumable) → M-30 regional-scarcity gate on 	createblockchain:currency_miner FE intake → Create-Addition FE sourced from scarce regiona	the row's "document the config chain" intent is delivered via cost levers. [BALANCE-PENDING: 10x FE + steep global ramp may dead-end the miner vs produce-and-tr	config/createblockchain-common.toml ships the design pass: baseEnergyPerCoin 830k→8.3M (~10x), difficultyInterval 110→25
S06	createimmersivetacz	mark-done	M-12	AMBIG	createimmersivetacz:twelve_gauge_shell / rounds → economy (M-26 consumption sink)	createimmersivetacz:nitropowder_bucket → create (M-12 via tfmg:vat_machine_recipe)	shipped equivalent with CBC sourcing (cross-weapons-industry seam); mixer→tfmg-vat swap adds no loop motion; chain playtest-settled (24-artillery-seams.js).	kubejs/data/createimmersivetacz/recipe/nitropowder_fluid.json (create:mixing of createbigcannons:nitropowder) + primer_f
S10	createlowheated	mark-done	M-26	NONE		createlowheated:basic_burner solid-fuel consumption → consumption sink (fuel demand)	the "verify required not optional" ask is answered by the shipped ladder. [BALANCE-PENDING: fuel burn rate vs T2 throughput]	native passive-heat removal confirmed and built around in spine/20-power-ladder.js (lowheated→heated→superheated ladder;
S10	createlowheated	mark-done	M-05	NONE		createlowheated lowheated heat-tier → woven Create basin recipes require managed heat	residual is a tier-tuning question — spine doc says don't hand recipes "heated" where "lowheated" serves; retune shipped magic steps per ladder guidance. [BALAN	companion delivery shipped exactly (spine/20-power-ladder.js re-authors basic_burner from #c:plates/iron + #c:netherrack
S19	domum_ornamentum	mark-done	M-04	NONE		domum_ornamentum Create-processed-stone→create (architects_cutter)	native combinatorial input; nothing to author; strike from the PLUMB batch backlog.	dossier — architects_cutter natively consumes arbitrary full blocks incl. modded (Create casings/stone work today); 35-w
S19	domum_ornamentum	mark-done	M-28	NONE		domum_ornamentum colony-builder-demands-DO-blocks	native demand gate; authoring hut-requirement config would duplicate what blueprints already do.	dossier — DO is MineColonies' decoration backbone; default blueprints request DO blocks natively, builder demand live wi
S04	drones	mark-done	M-05	NONE		drones:iron_rotor→create (M-05)	shipped as a shaped Create-parts recipe rather than mechanical_crafting; lighter than slate delivery but the gate is real and tier-appropriate.	kubejs/server_scripts/recipes/90-drones.js — iron_rotor = create:iron_sheet + copper + create:shaft (frame/controller/dr
S04	drones	mark-done	M-06	NONE		drones:ion_thruster→create (M-06)	real equivalent shipped (marquee parts, no SA chain); optional v0.9.0 depth upgrade to sequenced_assembly remains valid but not required for the loop.	90-drones.js — ion_thruster = create:propeller + 2x electron_tube + createaddition:electric_motor
S01	expandeddelight	mark-done	M-30	fuzzy	expandeddelight:cheese_wheel (aged) → economy	expandeddelight:salt_ore regional spawn → economy	exactly the ratified ask, already real; only the M-03 crush remains on salt.	kubejs/data/pcmc/gtmogs/ore_vein/salt.json (weight 25, biomes #pcmc:vein_salt = ocean+beach) + salt as companion in lith
S07	farmersdelight	mark-done	M-12	AMBIG	farmersdelight seasonal crops (cabbage/tomato/rice/onion) → survival (M-16 seasonal reagen	farmersdelight crops → create (M-12 milling/cutting → flour, meal, paste)	core exists natively; "full crop range" extension is gold-plating (vegetables cut, not mill) — runtime-dump native coverage before adding anything.	digest made-by: FD jar natively ships create:milling/mixing/filling inbound; 81-decoration-metal.js adds create:iron_she
P1	galosphere	mark-done	M-07	fuzzy	galosphere palladium ore→create M-03	galosphere:allurite_shard / lumiere_shard→magic M-07	reserved role intact and growing; nothing displaced.	recipes/33-magic-web-spine.js attunement pedestals (allurite/lumiere) + 80-securitycraft.js laser_block consumes allurit
S08	gamediscs	mark-done	M-05	NONE		console components → via Create parts (precision_mechanism / electron_tube / createadditio	loot file itself flags rates as a starting preset. [BALANCE-PENDING: disc drop chance vs modded-structure chest density]	99-gamediscs.js re-shapes all 5 components + console; 40-gamediscs-loot.js seeds discs at 6/3/1.5% across all chest tabl
S01	hpm	mark-done	M-05	motif-exact	hpm:largehull / largemast → create (M-05/M-23 via create:mechanical_crafting)	hpm:hand_cannon → create (M-05 via create:pressing + tacz:gun_smith_table_crafting)	real equivalent, deliberately shallower than ratified — file header keeps flintlocks "not TaCZ-deep"; gun_smith_table half dropped by design.	recipes/95-swashbucklers.js — hand_cannon + hand_mortar re-shaped onto create:iron_sheet + andesite_alloy
S06	immersive_armors	mark-done	M-05	fuzzy	immersive_armors finished armor sets (Heavy/Divine/Steampunk) → economy (emergent trade by	immersive_armors Heavy / Steampunk sets → Create (create:pressing + create:mechanical_craf	shipped exceeds slate — Warrior set also routed; organic sets deliberately left vanilla (coherence over forced grind).	kubejs/server_scripts/recipes/10-immersive-armors.js — Heavy=iron_sheet+iron_block; Steampunk=brass_sheet+precision_mech
S08	immersive_paintings	mark-done	M-12	NONE		painting/graffiti (+glow variants) → via create:deploying / create:mixing → Create	no further weave wanted; uploads stay locked server-side (#94).	23-immersive-paintings.js (4 raw-JSON recipes; tag-ingredient workaround documented; playtest tracked on #234)
P2	irons_spellbooks	mark-done	M-01	fuzzy	irons_spellbooks apothecarist-mob-drops→magic (ritual/transmutation)	irons_spellbooks arcane_essence→magic (arcane-currency bond)	exactly as the ledger reserved it; nothing left to author.	33-magic-web-spine.js — source→arcane_essence (imbuement + allurite) and arcane_essence→source (apparatus + lumiere), an
P2	irons_spellbooks	mark-done	M-03	AMBIG	irons_spellbooks apothecarist-mob-drops→magic (ritual/transmutation)	irons_spellbooks mithril_ore→create (ore-doubling)	shipped chose raw-doubling + XP over the row's pyrium-dust byproduct — equivalent in function; close as done.	36-magic-web-create.js — both ore variants crush to 2x raw_mithril + xp(0.25); blasting chain untouched
P2	irons_spellbooks	mark-done	M-26	AMBIG	irons_spellbooks apothecarist-mob-drops→magic (ritual/transmutation)	irons_spellbooks scrolls→survival (consumption sink)	nothing to author; counts as the magic economy's demand-renewal edge as-is.	native mechanic (one-shot consumable casts, dossier); the row's own delivery field says "native mechanic"
S01	kobolds	mark-done		AMBIG	kobold combat drops (skulls, from raiding Dens) → economy (combat specialist → magic user 	NEW kobold entity loot → via kubejs loot-table override → gaia scavenger drops	beyond-slate shipped reality, currently loop-inert flavor; gains motion only when gaia's drop-only pile gets sinks — route there, don't double-author.	kubejs/data/kobolds/loot_table/entities/kobold.json (grimoireofgaia:fur 0-2, c:nuggets/iron 0-3, rare box_iron/bag_arrow
P1	mcwfences	mark-done		fuzzy	mcwfences metal fence variants → create:crushing (M-04 deco-recycle)	NEW mcwfences metal fences ← create:iron/copper/golden_sheet → via replaceInput	inbound Create tie shipped beyond the slate; complements, not replaces, the M-04 crush.	recipes/81-decoration-metal.js routes all mcwfences metal ingots to pressed sheets
S02	mcwroofs	mark-done		AMBIG	mcwroofs stone/brick/andesite/deepslate roof variants → create	NEW mcwroofs metal-ingot inputs → via event.replaceInput → create pressed sheets	slate never recorded this; mcwroofs already holds a shipped second-system tie — record in ledger.	recipes/81-decoration-metal.js:24 routes mcwroofs (with mcwdoors/mcwwindows/etc.) iron/copper/gold ingots → create:*_she
S06	mffs	mark-done	M-05	AMBIG	mffs projector delivery → economy (colony Fortress research gate + service-for-hire)	mffs:projector / interdiction_matrix → create (native-method gating + sequenced-assembly)	the pack's reference Create weave; the slate row itself marked it already-authored.	kubejs/server_scripts/recipes/60-mffs.js — focus_matrix gated on create:electron_tube; projector/interdiction_matrix seq
S14	moblassos	mark-done	M-28	AMBIG	hostile_lasso (weakened monster capture) → magic via occultism spirit delivery	emerald_lasso (villager capture)→economy via MineColonies colony seeding	recipe in place and better-themed than asked; the colony-seeding behavior is live emergent value.	recipes/22-mob-lassos.js re-authors emerald_lasso (golden_lasso + c:gems/emerald + c:ingots/brass — the trade metal); th
S14	moblassos	mark-done	M-37	AMBIG	hostile_lasso (weakened monster capture) → magic via occultism spirit delivery	diamond_lasso→MineColonies research gate ("capture anything" unlocked by colony University	the DEFER's intent ("too powerful to be materials-only") landed as a boss-key gate — clear the M-37 variant from playtest routing.	22-mob-lassos.js diamond_lasso consumes any #pcmc:boss_keys drop (the flat roster's first consumer; 05-tags.js comment "
S14	moblassos	mark-done	M-05	AMBIG	hostile_lasso (weakened monster capture) → magic via occultism spirit delivery	NEW moblassos lasso family → via create:electron_tube/precision_mechanism re-craft + boss-	beyond-slate shipped reality superseding the slate's M-05 CUT reasoning — future sweeps confirm, don't re-propose lasso weaves.	22-mob-lassos.js (#171): golden=Create electronics, hostile=cataclysm:monstrous_horn, aqua/emerald branch off golden; It
S02	modulargolems	mark-done	M-15	NONE		boss-drop metals (Cataclysm cursium / Ice&Fire dragonsteel) → modulargolems:golem_assemble	native equivalent — a cursium golem body already costs cursium by construction; authoring would duplicate the mod's own mechanic.	native part-casting already consumes the boss metal (dossier: dragonsteel/cursium bodies, "already pulls modded boss-tie
S02	modulargolems	mark-done	M-10	NONE		golem-core upgrade slot → ars_nouveau:imbuement (source_gem / arcane core) (M-10)	shipped as alternative Ars route to empty_upgrade, not a hard capability gate; v0.11.0 may still deepen top-tier arcane golems.	recipes/35-magic-web-mobs.js:31 `imbue('modulargolems:empty_upgrade','ars_nouveau:source_gem',400)` — Ars path into the 
S14	mowziesmobs	mark-done	M-15	motif-exact	earthrend_gauntlet (Wroughtnaut drop)→create via boss-key gate	ice_crystal (Frostmaw drop)→create via boss-key sequenced_assembly gate	delivery landed shaped+tag rather than sequenced_assembly/cold-tier — real equivalent; the sculptor_staff alternative satisfies no-chokepoint.	spine/40-gates.js T3 reinforced_energiser keyed on #pcmc:mowzies_mid (05-tags.js: ice_crystal + sculptor_staff); ice_cry
S16	netmusic	mark-done	M-07	NONE		(v0.7.0) netmusic:computer/cd_burner ← create:framed_glass/electron_tube + create_new_age:	shipped reality outran the slate — the ratified LEAVE predates this tie.	kubejs/server_scripts/recipes/97-netmusic.js; WEAVE-LEDGER M-07 row cites file `97` as an established seed (allurite use
P1	numismatics	mark-done	M-05	AMBIG	vendor block→economy (service-for-hire storefronts, M-33)	vendor/depositor blocks→create (native-method gating) M-05	satisfied natively plus the lock; do NOT re-gate via mechanical_crafting — the slate's own trading_floor M-05 depth logic.	recipe digest — vendor = brass_casing+electron_tube+framed_glass, brass_depositor adds sturdy_sheet, andesite_depositor 
P1	occultism	mark-done	M-03	fuzzy	occultism:silver_ingot (c:ingots/silver) → economy	occultism:silver_ingot / iesnium_ore → create M-03 (iesnium half)	iesnium half done, additive as designed.	recipes/36-magic-web-create.js crushes iesnium_ore → 2x iesnium_dust + xp nugget; dust smelts back natively
P1	occultism	mark-done	M-11	AMBIG	occultism:spirit_trade (summoned trader) → economy	foreign mob/boss drops → occultism:spirit_fire M-11	partial roster; cataclysm/deeperdarker drop-only piles still unrouted — extend with the same pattern.	recipes/34-magic-web-occult.js + 35-magic-web-mobs.js (born_in_chaos dusts/spirits, grimoireofgaia organs, mowzies folia
P1	occultism	mark-done	M-30	AMBIG	occultism:silver_ingot (c:ingots/silver) → economy	silver_ingot → regional-scarcity gate M-30	the ratify-note's exact ask, already real.	kubejs/data/pcmc/gtmogs/ore_vein/silver.json (#pcmc:vein_silver) + native gen no-op'd + silver-keyed input shipped (52-w
S05	rechiseled	mark-done	M-04	NONE		rechiseled decoration blocks → create M-04 (PLUMB)	PLUMB row is a no-op for authoring; the companion mod IS the plumbing — record DONE so the batch doesn't re-author it.	mechanism is native, not kubejs — rechiseledcreate (mods/rechiseled-create.pw.toml) ships the Mechanical Chisel that run
S19	s_a_b	mark-done	M-23	NONE		s_a_b steel plates→aeronautics M-23	M-23 economics live natively — s_a_b IS the hull material and already costs TFMG heavy plates; aeronautics-side injection is unauthorable.	native (digest) — every steel-block tier consumes tfmg:heavy_plate; aeronautics ships physics-assemble from placed world
P1	securitycraft	mark-done	M-05	AMBIG	securitycraft base-defense-installation→economy (service-for-hire)	securitycraft Universal-Block-Reinforcer→create (native-method gating) M-05	keystone strategy beats per-item gating; also threads M-07 catalyst demand.	recipes/80-securitycraft.js — laser_block (allurite shard focused through a rose-quartz lens) is the keystone the 3-tier
P1	securitycraft	mark-done	M-05	AMBIG	securitycraft base-defense-installation→economy (service-for-hire)	securitycraft sentry→create (sentry requires CBC/Create components) M-05	real equivalent shipped; the CBC-parts flavor stays optional — don't double-gate.	80-securitycraft.js portable_radar (electron_tube + createaddition copper_wire + iron sheets) feeds sentry/ims/sonic sys
S16	smokeleafindustries	mark-done	M-17	AMBIG	smokeleafindustries refined extracts / gummies → economy M-28	smokeleafindustries generator FE output → create M-17	shipped reality inverted the slate: the "redundant" M-05 gate shipped as THE anchor; M-17 bridge works by nature. Nothing left to author.	kubejs/server_scripts/recipes/93-smokeleaf.js gates ALL smokeleaf machines on create:precision_mechanism via the hemp_co
S01	tacz	mark-done	M-05	AMBIG	tacz guns/ammo → economy (combat-route supply / emergent trade)	tacz:gun_smith_table_crafting inputs → create (native-method gating, M-05)	shipped STRONGER than ratified — method replaced, not gated; the "basic guns may stay vanilla" leniency dropped with it.	remove-default-tacz-guns.js deletes the entire tacz:gun_smith_table_crafting type + the four bench blocks (#187); all gu
S01	tacz	mark-done	M-06	AMBIG	tacz guns/ammo → economy (combat-route supply / emergent trade)	tacz high-tier guns → create:sequenced_assembly (M-06 keystone)	equivalent depth, different shape; heavies gate on the artillery specialist's part, not boss keys — the remove-script comment claiming #pcmc:boss_keys/capacitor	depth shipped as component chains into mechanical_crafting (sniper = gun_barrel+firing_mechanism+gun_trigger+createbigca
S01	tacz	mark-done	M-26	fuzzy	tacz guns/ammo → economy (combat-route supply / emergent trade)	tacz:ammo (consumable) → survival + economy (continuous consumption sink, M-26)	nothing left to author. [BALANCE-PENDING: per-magazine cost vs PvPvE ammo uptake]	sink is native; the "metals via Create" pairing shipped — casing fills are sequenced_assembly (primer deploy + createimm
S19	terralith	mark-done	M-30	AMBIG	terralith Moonlight Grove / lunar biomes → magic M-22 (lunar/celestial reagent gate)	terralith biome c:tags (65) → GTMOGS regional ore-gen M-30	ratify-note's "blocked-on-worldgen-config" is cleared — the v0.7.0 ore map shipped exactly this keying.	kubejs/data/pcmc/tags/worldgen/biome/vein_*.json (22 veins) key terralith biomes, e.g. vein_silver → terralith:rocky_mou
P1	tfmg	mark-done	M-24	fuzzy	tfmg fuels→aeronautics M-13	tfmg:combustion_engine→aeronautics M-24	residual work is playtest balance, not recipes.	native ship-mounting makes TFMG engines the powerplant; spine/51-weave-additions-tfmg.js deepened every engine (mechanic
P1	tfmg	mark-done	M-29	fuzzy	tfmg fuels→aeronautics M-13	tfmg:plastic→create M-29	the magic-adjacent variant stays optional future work; row satisfied.	spine/52-weave-tfmg-newage.js reactor_heat_vent requires tfmg:plastic_sheet (etched/coated circuits gate the other New A
P1	tfmg	mark-done	M-32	AMBIG	tfmg fuels→aeronautics M-13	tfmg ore byproducts (sulfur/saltpeter/coke)→create M-32	chain complete end-to-end; coke→blast-furnace fuel is native too.	native tfmg:mixing/gunpowder (charcoal+nitrate+sulfur) → createimmersivetacz:gunpowder_fluid (create:mixing) → recipes/2
P1	tfmg	mark-done	M-30	fuzzy	tfmg fuels→aeronautics M-13	tfmg regional ores→economy M-30	crude-oil regionality is TFMG-native deposit gen — confirm its spread at playtest.	kubejs/data/pcmc/gtmogs/ore_vein/{bauxite,lithium}.json biome-locked (#pcmc:vein_*); native tfmg biome-modifiers overrid
P2	aeronautics	rescope	M-10	motif-exact	levitite_blend crystallization→magic (arcane catalyst gate)	levitite_blend crystallization→magic (arcane catalyst gate)	re-scope delivery to the JSON step: add allurite/source catalyst to the create:mixing blend recipe (jar-confirmed). Same loop edge, authorable today.	dossier status — blend→levitite crystallization is CODE, not JSON ("STILL code-only"); a KubeJS catalyst-adjacent hook h
S03	alcohol_industry	rescope	M-28	motif-exact	alcohol_industry→economy	alcohol_industry→economy	deliver via recruitment-item config + food-tag servability so cooks serve spirits; verify exact config key in-game — no minecolonies config shipped yet.	MineColonies has no "building upkeep consumes item" mechanic to config; its real demand hooks are the tavern visitor-rec
S03	alexsmobs	rescope	M-11	motif-exact	alexsmobs exotic drops (ambergris / ender_residue / void_worm parts) → magic	alexsmobs exotic drops (ambergris / ender_residue / void_worm parts) → magic	narrow inputs to ender_residue + void_worm_eye/mandible; spirit_fire delivery unchanged (shipped 34/35 schema); ambergris stays M-10's, beak M-15's.	row text double-spends ambergris (M-10's — alexsmobs' own CUT row calls this a reagent-ownership conflict) and risks the
P2	ars_nouveau	rescope	M-22	motif-exact	Wilden Guardian summon timing → magic (celestial gate)	Wilden Guardian summon timing → magic (celestial gate)	mechanism-uncertain — re-scope to gating the ritual TABLET recipe on a moon-event-obtained reagent, or prove the event hook before authoring. Enhanced Celestial	rituals are code-driven, not recipe-authorable — same reason 34-magic-web-occult.js explicitly skipped occultism:ritual;
S07	astikorcartsredux	rescope	M-28	motif-exact	astikorcartsredux:oak_seed_drill + colony Farmer hut → economy (M-28)	astikorcartsredux:oak_seed_drill + colony Farmer hut → economy (M-28)	rescope delivery to the Farmer hut block recipe consuming a seed_drill (quarry pattern); "tool upgrade" as written is unauthorable.	MineColonies farmers use hoe items; no API/config surface makes a cart entity a hut tool; 98-minecolonies.js shows hut b
S11	beachparty	rescope	M-12	motif-exact	beachparty coconut/tropical fruit → create (M-12)	beachparty coconut/tropical fruit → create (M-12)	rescope to create:milling beachparty:coconut → 2x coconut_open (existing ids; mechanizes native throw-to-open for bulk), upstream of the M-26 sink.	no coconut cream/flake id exists in ANY digest (only ecologics+beachparty have coconut ids); recipe digest: palm_bar_mix
S09	betterdungeons	rescope	M-08	motif-exact	betterdungeons loot tables→economy	betterdungeons loot tables→economy	re-deliver as seeding the mint's INPUT (scarce coin-metal/valuables) into deep chests — danger still feeds the economy, medium stays player-struck.	hard rule "economy link counts only as demand-gating"; M-14 bounty-coin and M-21 trade-coin were CUT as "currency from o
S19	bettermineshafts	rescope	M-08	motif-exact	mineshaft chest loot → loot-seed (numismatics coin)	mineshaft chest loot → loot-seed (numismatics coin)	coin-in-chest = the cut-M-14 faucet class, bypasses the mint specialist; rescope to goods-seed (LootJS rider, cf. 40-gamediscs-loot.js) or drop — GTMOGS veins a	WEAVE-LEDGER M-08 reframe (#163/#240): coins are player-minted, "no NPC coin faucets" — M-14/M-21 were cut for exactly t
P2	born_in_chaos_v1	rescope	M-30	motif-exact	born_in_chaos_v1:dark_metal → regional scarcity gate (M-30)	born_in_chaos_v1:dark_metal → regional scarcity gate (M-30)	premise fix — verify whether deposit worldgen exists at all before authoring placement config; the lock is likely already native.	dossier — dark metal is mob-drop sourced (Chaos Knight ~9%, Missionary ~16%); the mod's 50 biome modifiers already regio
S19	cataclysm	rescope	M-11	motif-exact	cataclysm:witherite_ingot / cursium_ingot (boss drops)→magic	cataclysm:witherite_ingot / cursium_ingot (boss drops)→magic	narrow M-11 input to witherite_ingot; double-routing cursium/ignitium would dilute their shipped T4 gates per the slate's own one-role-per-metal logic.	40-gates.js spent cursium (T4 jetpack gate) and ignitium (T4 reactor); witherite remains unspent — only generic #pcmc:bo
S19	cataclysm	rescope	M-12	motif-exact	cataclysm:amethyst_crab_meat (Blessed)→survival	cataclysm:amethyst_crab_meat (Blessed)→survival	cook the RAW crab meat into the prestige dish; cooking the Blessed variant would bank fight-immunity outside the dungeon. [BALANCE-PENDING: dish stats vs altar 	dossier — amethyst_bless is a one-way Sunken-City altar ceremony purpose-built for the Leviathan fight; no shipped kubej
P1	cbc_at	rescope	M-15	motif-exact	cbc_at heavy-autocannon / rocket-pod (endgame tier)→create	cbc_at heavy-autocannon / rocket-pod (endgame tier)→create M-15	this exact tier carries the CBC-5.11.3 pin crash history (CLAUDE.md) — playtest hard when authored.	ha_munition_assembly / rocket_assembly are PER-ROUND munition recipes (digest); boss-gating them taxes every shot instea
S03	charta	rescope	M-12	motif-exact	charta:empty_wine_glass / empty_beer_glass → survival	charta:empty_wine_glass / empty_beer_glass → survival	re-source the wine half vinery→create_winery; beer via create:filling or extradelight:bottle_fluid; tequila→cactus_wine_glass mapping available.	vinery was REMOVED in the v0.7.0 thunderdome (slate: its KEEP ideas "seed create_winery"); create_winery digest ships wi
S11	companions	rescope	M-15	motif-exact	companions:relic_gold → create (M-15 boss-key gate)	companions:relic_gold → create (M-15 boss-key gate)	deliver as a SPINE_GATES row on a mid-tier machine slot, not bespoke sequenced-assembly; relic_gold is the Pontiff's reserved per-boss key (reagent table).	shipped gate idiom is spine/40-gates.js SPINE_GATES rows (shaped/mechanical_crafting boss keys: cataclysm ingots, #pcmc:
S18	create_better_villagers	rescope		NONE		CBV native trade lists (Andesite/Brass/Copper Worker sell Create parts; Miner sells raw me	audit/config-cap CBV trades against 10-locks/40-gates and scarce metals before v0.9.0; per-profession config is the lever.	spine/10-locks.js walls precision_mechanism/electron_tube to Create-only RECIPES; villager trades are code-side, not rec
S04	create_cheese	rescope	M-05	motif-exact	create_cheese tier-3 maturing→Create-pressed beeswax seal (M-05, times=1 ACCEPT)	create_cheese tier-3 maturing→Create-pressed beeswax seal (M-05, times=1 ACCEPT)	inserting a second physical input in the maturing slot is unauthorable without a runtime dump; rescope: gate calendar_page_tier_3 via create:deploying honeycomb	jar digest has zero data recipes — maturing recipes are code-registered, slot schema unverifiable offline (CLAUDE.md dum
S13	create_confectionery	rescope	M-04	motif-exact	create_confectionery deco blocks (chocolate/caramel/gingerbread bricks) → create	create_confectionery deco blocks (chocolate/caramel/gingerbread bricks) → create	missed the v0.7.0 plumbing batch; rescope crush output to minecraft:cocoa_beans (lossy) and fold into the next batch.	no cocoa-powder item in any digest (real items: cocoa_butter, bars, bricks); shipped M-04 batch 35-web-bridges.js contai
S13	create_confectionery	rescope	M-28	motif-exact	create_confectionery output (candies / chocolate goods) → economy	create_confectionery output (candies / chocolate goods) → economy	rescope to teaching the colony Bakery confectionery recipes (crafterrecipes) — the M-28 alt-route-production form.	"colony requests morale/buff items" is not a real MineColonies config surface; colonists already eat edible candy native
S04	create_dragons_plus	rescope	M-23	motif-exact	create_dragons_plus:levitite_fragile_fluid_tank → aeronautics (M-23)	create_dragons_plus:levitite_fragile_fluid_tank → aeronautics (M-23)	delivery as written is unauthorable; rescope: give T4 aeronautics:pearlescent_levitite a fabrication recipe consuming the filled levitite tank — tier-coherent, 	digest — tank already crafts FROM aeronautics:levitite_blend_bucket (neoforge:mod_loaded conditional), the reverse edge;
S05	create_enchantment_industry	rescope	M-10	motif-exact	create_enchantment_industry→magic	create_enchantment_industry→magic M-10 (liquid XP as imbuement/cauldron fuel)	rescope: experience_bucket / super_experience_nugget as reagent+pedestal ITEMS on the proven imbuement/enchanting_apparatus schemas; drop the cauldron branch. W	"piped as the fuel" is unauthorable — imbuement's fuel is Source (schema {input,output,source,pedestalItems}, 33-magic-w
S20	create_hypertube	rescope	M-29	motif-exact	hypertube_entrance (sequenced_assembly) requires a magic reagent sub-component → magic	hypertube_entrance (sequenced_assembly) requires a magic reagent sub-component → magic	weave is right — deliver as irons_spellbooks:arcane_essence or ars source_gem (M-01 currency spend, ownership-consistent) in a replaced shaped entrance recipe; 	no SA chain exists to host a sub-component (entrance is crafting_shaped per recipes digest); a sub-component delivery is
S08	create_integrated_farming	rescope	M-12	motif-exact	roost egg/feather/poultry output → survival (via farmersdelight:cooking)	roost egg/feather/poultry output → survival (via farmersdelight:cooking)	nothing to author — the edge is native. Real finding: all 9 duck/goose roosts are dead content (untitledduckmod absent) — a curation or mod-add call, not recipe	loot/create-integrated-farming-1.2.2.txt: gameplay/roost/chicken → minecraft:egg; duck/goose tables output untitledduckm
S08	create_integrated_farming	rescope	M-28	motif-exact	roost/net bulk outputs → economy (colony supply via MineColonies hut requests)	roost/net bulk outputs → economy (colony supply via MineColonies hut requests)	deliver via crafterrecipes consuming eggs/fish (Cook/Baker); note only the chicken stream is live (see the M-12 dead-content finding).	same gap as extradelight M-28 — "request list" config doesn't exist; colonist food demand + crafterrecipes datapack is t
P1	create_ironworks	rescope	M-23	motif-exact	steel_plate / bronze_plate→aeronautics hull (M-23) + drivetrain (M-24)	steel_plate / bronze_plate→aeronautics hull (M-23) + drivetrain (M-24)	rescope to bronze/tin early-tier flight parts; free-form hulls have no recipes (same correction as tfmg M-23).	recipes/05-metals.js deleted ironworks' steel_sheet press ("the assembly is the canonical route") — the steel half now d
S04	create_new_age	rescope	M-24	motif-exact	create_new_age advanced_motor / reinforced_motor / generator_coil→aeronautics	create_new_age advanced_motor / reinforced_motor / generator_coil→aeronautics	control slots taken (T3 Additions); rescope to the engine seam — simulated:engine_assembly / portable_engine line (62-machines-misc.js) — CNA=T4 tier-coherent, 	54-weave-aeronautics.js shipped the control seam on createaddition:electric_motor/electrum_sheet + tfmg:etched_circuit_b
S02	create_tweaked_controllers	rescope	M-05	motif-exact	create_tweaked_controllers:tweaked_lectern_controller → create (M-05)	create_tweaked_controllers:tweaked_lectern_controller → create (M-05)	Create gate already stock; rescope delivery to mechanical_crafting conversion of stock grid, matching shipped Crafter-work convention.	digest: mod registers no recipe types (no own machine, so M-05 literally unauthorable); dossier: stock craft already use
P1	createaddition	rescope	M-17	motif-exact	createaddition:charging → irons_spellbooks FE-chargeable magic gear	createaddition:charging → irons_spellbooks FE-chargeable magic gear M-17	keep the weave, fix the delivery — authored charging recipes (e.g. depleted focus → charged focus).	delivery claims "config/native, no recipe needed" — false: Iron's gear holds no FE and the tesla coil only charges energ
S13	createfisheryindustry	rescope	M-28	motif-exact	seafood (chowder/soups/steaks)→economy via MineColonies colony requests	seafood (chowder/soups/steaks)→economy via MineColonies colony requests	rescope to minecolonies crafterrecipes — teach Cook/Restaurant the fishery dishes; colony then pulls raw fishery inputs continuously.	no "request table" config surface exists in MineColonies; the real datapack surface is crafterrecipes (colony-integratio
S13	createfisheryindustry	rescope	M-16	motif-exact	bait_trap catch→survival (seasonal bait, seasonal rare catch)	bait_trap catch→survival (seasonal bait, seasonal rare catch)	rescope: bait_trap recipes keyed on seasonally-grown crops as bait — Serene Seasons gates crop growth natively; runtime-dump the type schema before authoring.	bloodworm/cicada/ice-grub bait items exist in NO digest (invented); recipe conditions are load-time, so runtime season-g
S11	createfood	rescope	M-16	motif-exact	seasonal crop ingredients → createfood recipes	seasonal crop ingredients → createfood recipes (M-16)	drop the "KubeJS ingredient gate" clause; deliver via SS fertility tags on true crop inputs (melon/pumpkin/berry lines); pack-level survival lever — author once	recipes are static — KubeJS cannot make an ingredient season-conditional; Serene Seasons fertility is tag/config-driven;
S11	createfood	rescope	M-28	motif-exact	createfood finished dishes → economy (colony supply, MineColonies cook/restaurant hut requ	createfood finished dishes → economy (M-28 colony cook/restaurant hut requests)	re-tag M-26 colony-upkeep sink; deliver via minecolonies food config/tags (restaurant stock preference); do NOT add cook crafter recipes.	M-28's definition is the colony PRODUCING basics cheaper / colony-locked parts; a colony REQUESTING dishes is demand, no
S07	ctov	rescope	M-08	motif-exact	ctov structure chests → economy	ctov structure chests → economy	cap to cog/spur at low rate as "old coin" flavor, or seed scarce raw metal feeding the player mint [BALANCE-PENDING: seed rate vs inflation].	M-08 reframe (#163/#240) makes coin player-minted only; infinite worldgen makes chest coin a renewable non-player faucet
S13	dtterralith	rescope	M-30	motif-exact	dtterralith region-specific tree species → economy (M-30 regional scarcity)	dtterralith region-specific tree species → economy (M-30 regional scarcity)	edge is native — rescope to no-author documentation; demand side is aesthetic wood (ambient).	DT species drop their own seeds in their native Terralith biomes — native acquisition; loot-seed delivery adds only an i
S01	dungeons-and-taverns-v4.4.4	rescope	M-15	motif-exact	dungeons-and-taverns structure loot→create M-15	dungeons-and-taverns structure loot→create M-15	drop the "boss-key" half; deliver as a rare mid-tier Create COMPONENT seed (precision mechanism class) — taste of tech, no gate bypass.	shipped 40-gates.js ladder gates T-tiers on thematic boss drops (cataclysm ancient_metal/cursium/ignitium); trial vaults
S14	dungeons_arise_seven_seas	rescope	M-08	motif-exact	galleon/fortress loot tables → economy M-08	galleon/fortress loot tables → economy M-08	seed scarce mint-METAL bullion + valuables into the *_treasure tables — pirate hoards feed the minter, coin stays player-struck.	M-08 reframe (#163/#240) + ledger §2 make numismatics:* player-minted only; mowziesmobs ratified CUT says outright "M-08
S14	dungeons_arise_seven_seas	rescope	M-02	motif-exact	galleon/fortress loot → magic M-02	galleon/fortress loot → magic M-02	weave survives; re-target the ship treasure/normal tables — the named delivery surfaces don't exist in 1.0.4.	loot digest (DungeonsAriseSevenSeas-1.0.4) ships ONLY five ship families — corsair_corvette/pirate_junk/small_yacht/unic
S17	dynamictrees	rescope	M-12	motif-exact	dynamictrees:branch byproduct → create:milling (sawdust/pulp intermediate)	dynamictrees:branch byproduct → create:milling (sawdust/pulp intermediate)	weave is sound, named outputs don't exist; retarget to existing ids — mill branch → sticks + paper chance — and note branches come from harvest, not passive she	no mod in the pack registers any sawdust/wood_pulp item (grep over tools/mod-data/by-mod/ = zero hits); no milling recip
S15	dynamictreesplus	rescope	M-11	motif-exact	dynamictreesplus mushroom caps (brown/red)→occultism:spirit_fire (M-11, times=1+1+1 ACCEPT	dynamictreesplus mushroom caps (brown/red)→occultism:spirit_fire (M-11, times=1+1+1 ACCEPT	corrected delivery: spirit_fire transmutes a mega cap → occultism:datura_seeds — the trance/mycotoxin lore the row itself cites.	the output "fungal essence reagent" is not a registered item and the ledger reagent rule says reuse, don't invent; occul
S13	ecologics	rescope	M-12	fuzzy	ecologics:coconut (raw fruit) → create M-12	ecologics:coconut (raw fruit) → create M-12	weave right, delivery names nonexistent items; rescope: create:milling coconut → coconut_slice xN + coconut_husk, yield above hand-break.	digest has no "coconut meat"/"husk fiber" items; real items are coconut_slice + coconut_husk (husk already a soup-bowl i
S13	ecologics	rescope	M-30	motif-exact	ecologics:coconut (beach-biome regional) → economy M-30	ecologics:coconut (beach-biome regional) → economy M-30	GTMOGS can't place crops; beach-lock is already native — edge goes live via the M-12 demand rows; rescope to no-author documentation; scarcity weak (beaches com	slate's own gtmogs LEAVE row: GTMOGS is ore-vein gen only; coconut palms are native beach worldgen
S08	endermoon	rescope	M-22	motif-exact	endermoon event→magic M-22	endermoon event→magic M-22	author the authorable half: a pearl-VOLUME imbuement/ritual recipe; the moon's native spawn surge is the de-facto gate. "Event-gate configuration" as written is	endermoon owns 0 items/0 recipe types (digest); no mechanism exists to condition a recipe on an Enhanced Celestials luna
S07	endrem	rescope	M-11	motif-exact	endrem themed eyes (undead_eye, nether_eye, corrupted_eye) → magic via occultism:ritual tr	endrem themed eyes (undead_eye, nether_eye, corrupted_eye) → magic via occultism:ritual tr	rescope to two-step spirit_fire (themed offering → eye) or proven enchanting_apparatus; target loot-only eyes (nether/cold/corrupted), not natively-craftable on	34-magic-web-occult.js:9-10 rules occultism:ritual "NOT authored (pentacle/spirit-bound; not KubeJS-safe)"; digest: unde
S16	enhancedcelestials	rescope	M-22	motif-exact	Blood/Blue Moon event-state → magic M-22	Blood/Blue Moon event-state → magic M-22	weave is right; deliver as event-gated REAGENT: blood-moon-only spawn entry (EC datapack) → mob drop via LootJS feeds occultism ritual. Native moon-condition = 	stated delivery "KubeJS recipe condition keyed to moon state" is unauthorable — NeoForge recipe conditions are load-time
S08	extradelight	rescope	M-28	motif-exact	extradelight feasts / high-tier dishes → economy (MineColonies colony provisioning)	extradelight feasts / high-tier dishes → economy (MineColonies colony provisioning)	deliver as MineColonies crafterrecipes datapack (Cook/Restaurant learns ED dishes) so the native request system creates ingredient demand.	no "hut request list" config mechanism exists; the pack's minecolonies surface is recipe-side (98-minecolonies.js); Mine
S05	fxntstorage	rescope	M-06	motif-exact	fxntstorage hardened_backpack→create (sequenced-assembly)	fxntstorage hardened_backpack→create (sequenced-assembly) M-06	rescope: register pcmc:incomplete_* component (57-jetpacks/60-mffs pattern), build a "hardened pack frame" via SA, and have native backpack_crafting consume IT 	stock hardened recipe is the mod's OWN fxntstorage:backpack_crafting type (brass_backpack + railway_casing), an in-place
S04	gnkinetics	rescope	M-24	motif-exact	gnkinetics planetary/worm/industrial-gear→aeronautics (drivetrain)	gnkinetics planetary/worm/industrial-gear→aeronautics (drivetrain) (M-24)	weave survives, delivery doesn't: rescope to the engine/gearbox seam (simulated:engine_assembly — a reduction gearset IS an engine core); coordinate with create	named slots shipped otherwise — 54-weave-aeronautics.js gave propeller_bearing create:cogwheel ("keep it simple", delibe
S01	hpm	rescope	M-06	motif-exact	hpm:corvette_steamship_item → create (M-06 sequenced_assembly)	hpm:corvette_steamship_item → create (M-06 sequenced_assembly)	hold the 20x-ACCEPT design on file; author the sequenced_assembly only when upstream ships the steamship finished.	corvette has NO native recipe in the 2.6.6C digest (summon-only WIP, dossier confirms); authoring a player route hands o
S01	hpm	rescope	M-12	motif-exact	hpm:cannonball / mortar_ball → create (M-12/M-29 via createbigcannons:cartridge_assembly o	hpm:cannonball / mortar_ball → create (M-12/M-29 via createbigcannons:cartridge_assembly o	drop the CBC half (ownership); deliver M-12 as an ADDITIVE create:compacting bulk route — hand-craft stays, factory outproduces it. [BALANCE-PENDING: bulk ratio	native cannonball = smooth_stone+TNT (not iron, contradicting the KEEP's premise); 95 header deliberately left ammo unto
S06	immersive_armors	rescope	M-10	motif-exact	immersive_armors:divine_chestplate set → magic (ars_nouveau:enchanting_apparatus)	immersive_armors:divine_chestplate set → magic (ars_nouveau:enchanting_apparatus)	deliver as enchanting_apparatus recipes for divine pieces (reagent robe piece; pedestals golden_sheets+source_gem, totem/emerald kept), replacing the shaped swa	shipped 10-immersive-armors.js routed Divine through Create only (golden_sheet+precision_mechanism+totem); slate's "armo
S15	mcwdoors	rescope	M-28	motif-exact	mcwdoors→economy	mcwdoors→economy	corrected delivery: minecolonies crafterrecipes datapack teaching the Sawmill the mcwdoors families; optional custom schematic pack creates the request pull.	MineColonies builders only request blocks present in schematics — stock blueprints use vanilla doors, so the ratified "c
P1	mcwfences	rescope	M-28	motif-exact	metal fence variants → MineColonies builder orders	metal fence variants → MineColonies builder orders M-28	keep, but rewrite the delivery as schematic work; as written it never fires.	builders request what schematics specify; no "request config" knob exists — delivery means editing shipped style packs (
S12	more_slabs_stairs_and_walls	rescope	M-28	motif-exact	more_slabs_stairs_and_walls stone variants → economy (M-28 colony route)	more_slabs_stairs_and_walls stone variants → economy (M-28 colony route)	re-deliver as emergent — builders requisition MSSW cuts from player-scanned schematics, Create saws supply; wiki/design copy, no recipe artifact; else fold into	stated delivery "config/MineColonies: hut schematic upgrades request MSSW cuts" is unauthorable — stock hut schematics d
S14	mowziesmobs	rescope	M-15	motif-exact	earthrend_gauntlet (Wroughtnaut drop)→create via boss-key gate	earthrend_gauntlet (Wroughtnaut drop)→create via boss-key gate	re-key the metalwork gate on wrought_helmet (axe stays reward gear) or re-attribute to the Sculptor; fix the 05-tags entry/comment.	loot digest: entities/ferrous_wroughtnaut drops ONLY wrought_axe + wrought_helmet; earthrend_gauntlet comes from entitie
S09	mutantszombies	rescope	M-34	motif-exact	mutant zombie variants→survival M-34	mutant zombie variants→survival M-34	weave is sound; deliver via LootJS scoped to mutantszombies entity types + existing-or-registered reagent; verify table binding in playtest.	digest loot=no + "standard zombie drops remain" means the mobs almost certainly reference the shared vanilla zombie tabl
S11	oceansdelight	rescope	M-02	motif-exact	oceansdelight:fugu_slice→magic	oceansdelight:fugu_slice→magic (M-02 alchemist_cauldron poison ink)	brew to an existing id (uncommon/rare_ink) or an Ars essence; ratify-note already says author last, drop freely. [BALANCE-PENDING: farmable fish vs scroll-tier 	irons_spellbooks:alchemist_cauldron_brew IS a registered recipe type (dossier AUTO line), but no "poison ink" id exists 
S08	pantographsandwires	rescope	M-32	motif-exact	pantographsandwires:coal_coke → Create (TFMG:coking byproduct feedstock)	pantographsandwires:coal_coke → Create (TFMG:coking byproduct feedstock)	delivery is backwards — coking produces coke, never consumes it. Rescope: tag-join tfmg:coal_coke into c:coal_coke; optionally retire the blasting shortcut so t	tfmg:coking/coal OUTPUTS tfmg:coal_coke (recipes/tfmg-1.2.0.txt); c:dusts/coal_coke already holds both mods' dusts (nati
S08	pantographsandwires	rescope	M-29	motif-exact	pantographsandwires:graphite → Create (create_new_age:energising cross-route dependency)	pantographsandwires:graphite → Create (create_new_age:energising cross-route dependency)	energising cannot take a second ingredient — unauthorable as written. Rescope: require c:ingots/graphite in New Age motor/generator shaped or mechanical_craftin	all 6 stock energising recipes are single-input (recipes/create-new-age-1.1.7c); spine/50-cross-tier.js records "New Age
S15	quark	rescope	M-10	motif-exact	quark:ancient_wood (Glimmering Weald underground biome) → ars_nouveau:imbuement (arcane in	quark:ancient_wood (Glimmering Weald underground biome) → ars_nouveau:imbuement (arcane in	corrected delivery: imbuement ancient_wood/log + Source → ars_nouveau:source_gem, tuned below the lapis route. [BALANCE-PENDING: ancient_sapling makes the wood 	the output "attuned timber reagent" is not a registered item; ledger M-01 names ars_nouveau:source_gem the universal hub
S11	rottencreatures	rescope	M-11	motif-exact	rottencreatures→magic	rottencreatures→magic (M-11 frozen+magma flesh → occultism:spirit_fire → chilled/seared es	weave right, outputs invented; rescope to occultism:demons_dream_essence per shipped precedent — NOT afrit/marid_essence (would devalue occultism's own rare dro	no chilled/seared essence id exists in occultism digest; shipped idiom (35-magic-web-mobs.js) spirit-fires into EXISTING
S11	rottencreatures	rescope	M-19	motif-exact	rottencreatures→create	rottencreatures→create (M-19 magma_rotten_flesh → create:haunting → infused smoldering rea	rescope output to existing item, e.g. minecraft:magma_cream (soul-fire renders the taint out); keeps the starved Create→magic seam without inventing ids.	no "smoldering reagent" item in any digest; haunting output must be an existing id
S11	rottencreatures	rescope	M-34	motif-exact	rottencreatures→economy	rottencreatures→economy (M-34 Dead Beard treasure_chest seeded with Numismatics coin denom	seed the chest with bullion/trade goods (the M-08 mint metal once v0.13.0 defines it); combat specialist sells to the minter — keeps flavor AND mint monopoly.	WEAVE-LEDGER reagent table: numismatics coins are "minted by players (M-08), never an NPC sink"; M-14/M-21 cut as NPC co
S15	sky_whale_ship	rescope	M-15	motif-exact	sky_whale_ship loot chests → aeronautics M-15	sky_whale_ship loot chests → aeronautics M-15	deliver via LootJS (installed) structure-scoped injection of aeronautics:levitite_blend / gyroscopic_propeller_bearing / create:copper_casing; first verify whal	"balloon silk" / "airframe blueprint fragments" are not registered ids (aeronautics digest has envelopes, levitite_blend
P1	sliceanddice	rescope	M-29	motif-exact	sliceanddice sprinkler (fluid-area dispenser) + magic potion fluid→magic	sliceanddice sprinkler (fluid-area dispenser) + magic potion fluid→magic M-29	verify the fluid-effect API (runtime/code check) before v0.11.0; if hardcoded, demote to a build-task issue.	sprinkler fluid behaviors are code-side ("water wets, lava fire, others = effects" — dossier); no in-pack growth-boost f
S10	snowyspirit	rescope	M-12	fuzzy	snowyspirit ginger→create (milling)	snowyspirit ginger→create (milling)	re-deliver as create:mixing automation of extradelight's ginger goods (e.g. #c:crops/ginger + sugar → extradelight:candied_ginger); same loop edge, real output 	no ground-ginger item exists in any pack digest (extradelight's processed forms are candied_ginger/ginger_beer/pickled; 
S18	spawn	rescope	M-31	motif-exact	spawn clam/crab bulk catch → aeronautics logistics M-31	spawn clam/crab bulk catch → aeronautics logistics M-31	RESCOPE to an M-36 fit-flag on #238 — seafood as the flagship perishable cargo; drop the v0.13.0 config row.	the row's load-bearing mechanism is perishability, which is M-36 — mechanism-pending build #238 (hard rule: flag fits, n
S19	stylecolonies	rescope	M-28	fuzzy	stylecolonies High Magic blueprint style → magic	stylecolonies High Magic blueprint style → magic	verify style BOMs (jar blueprints or in-game) before counting the edge; also audit styles referencing absent mods' blocks.	no source shows Ars/Occultism blocks in High Magic; dossier's modded-block styles cite BYG/Quark/Create/Twilight Forest 
S05	supplementaries	rescope	M-12	motif-exact	supplementaries:flax→create M-12	supplementaries:flax→create M-12	rescope: create:milling flax → string ×2 + flax_seeds chance (real items, parallels wheat milling); oil branch needs no authoring.	no linen/flaxseed-oil items exist in jar (digest 3.6.7); oil half is ALREADY native — createaddition:compacting/seed_oil
S05	supplementaries	rescope	M-23	motif-exact	supplementaries:flax/rope→aeronautics M-23	supplementaries:flax/rope→aeronautics M-23	rescope: swap deployed stick→supplementaries:rope in the 16 deploying recipes (rope rigs the wool envelope); same remove/re-add pattern the file already uses.	v0.7.0 shipped envelopes as deploying-ONLY (54-weave-aeronautics.js removed all 16 shaped recipes); stock deploying = st
S10	t_and_t	rescope	M-08	motif-exact	t_and_t→economy	t_and_t→economy (M-08 coin loot-seed)	reseed the same chests with scarce mint-METAL (raw regional tin/silver) + trade goods; exploration still feeds the economy, coin supply stays player-minted.	M-14 was CUT for "minted coin from outside the player economy"; reagent table: numismatics:* is player-minted, M-08's wh
S19	terralith	rescope	M-31	motif-exact	terralith rare/fantastical biomes (Skylands, Moonlight Grove, Mirage Isles) → aeronautics 	terralith rare/fantastical biomes (Skylands, Moonlight Grove, Mirage Isles) → aeronautics 	now authorable — key a high-value vein to terralith:skylands in the shipped pcmc vein tags; needs height-range fit + runtime check. [BALANCE-PENDING: which vein	no vein tag references terralith:skylands (grep kubejs/data); terralith adds zero blocks, so the Skylands hold nothing e
S19	terralith	rescope	M-22	motif-exact	terralith Moonlight Grove / lunar biomes → magic M-22 (lunar/celestial reagent gate)	terralith Moonlight Grove / lunar biomes → magic M-22 (lunar/celestial reagent gate)	biome half shipped via mithril vein; rescope the lunar half to an Enhanced-Celestials event gate on an existing method, not a custom herb.	shipped vein_mithril.json keys irons_spellbooks:mithril_ore to moonlight_grove/mirage_isles — the biome-exclusive magic 
P1	tfmg	rescope	M-23	motif-exact	tfmg:steel→aeronautics M-23	tfmg:steel→aeronautics M-23	re-aim delivery at high-tier flight-machine/structural blocks; the hull-recipe surface does not exist.	Aeronautics ships are free-form block builds — there are no "hull construction recipes" to key steel into; spine/54-weav
S08	touhou_little_maid	rescope	M-10	motif-exact	touhou_little_maid:broom (endgame rideable flight item)→magic	touhou_little_maid:broom (endgame rideable flight item)→magic	weave right, one reagent wrong: strike the source_gem variant, deliver via occultism spirit essence per the reagent table. Altar serializer is KubeJS-reachable 	the KEEP lists "Ars source_gem" as a catalyst option, but source_gem is M-01-reserved — and the slate's own TLM CUT row 
S20	trek-b0.6.1.1	rescope	M-08	motif-exact	trek structures (ship holds, pyramid chests, fortress rooms)→economy	trek structures (ship holds, pyramid chests, fortress rooms)→economy	seed Create components / raw coin-metal salvage, not minted coins — keeps exploration-pays while preserving minting as the M-08 specialization.	WEAVE-LEDGER §2 reserves numismatics:* as "minted by players (M-08), never an NPC sink"; M-14 was cut for exactly "curre
S02	upgrade_aquatic	rescope	M-30	motif-exact	upgrade_aquatic raw/cooked fish (regional ocean good) → economy	upgrade_aquatic raw/cooked fish (regional ocean good) → economy (M-30)	deliver as a constraint on M-12 authoring — ≥1 dish/recipe demands UA-specific fish (raw_pike/raw_perch item or tag), preserving the regional pull.	delivery field is "emergent"; M-30's method is region-locked input → recipe input; the M-12 tag-join alone would let any
S13	valarian_conquest	rescope	M-05	motif-exact	valarian_conquest armorsmith / builder stations → create M-05	valarian_conquest armorsmith / builder stations → create M-05	no recipes exist to gate; rescope: ADD crafting recipes FOR the station blocks (armorsmith/builder/barber_surgeon) requiring Create iron sheets/brass.	tools/mod-data/recipes/ has no valarian file (jar ships ZERO data recipes; dossier: no registered recipe-types)
S13	valarian_conquest	rescope	M-08	motif-exact	valarian_conquest faction loot (shields, armor, weapons) → economy M-08	valarian_conquest faction loot (shields, armor, weapons) → economy M-08	seeded minted coin is an NPC-class faucet bypassing the minter; rescope to spoils + mint-metal feedstock; jar registers no chests/ tables — needs structure-cond	M-08 reframe (#163/#240) = player-minted only; M-14 cut for "coin from outside the player economy"; kubejs has zero numi
S09	woodworks	rescope	M-28	motif-exact	woodworks→economy	woodworks→economy (M-28)	deliver as a pack colony style/blueprint set using woodworks bookshelves/chests (in-game authored, shippable), optionally + crafterrecipes supply side.	MineColonies has no config to make huts request foreign furniture; builder requests are driven by BLUEPRINT content — sh
