times_suggested	from_opus	mod	from	via	to_pillar	motif	consensus	verdicts	hook
2	False	alexsmobs	alexsmobs mob drops (diverse set)	numismatics / bountiful board	economy	M-14	ACCEPT	{'ACCEPT': 1, 'REJECT': 1}	The animal kingdom is full of bounty board fodder — exotic drops (ambergris, bear dust, ender residue) fetch coin from t
2	False	bakery	bakery baked goods (surplus production)	ars_nouveau:imbuement (Vitalic sourcelink)	magic	M-10	REJECT	{'REJECT': 2}	Infusing bread into arcane source doesn't survive theme-fit — the Vitalic sourcelink passively consumes food near it, wh
2	False	bosses_of_mass_destruction	bosses_of_mass_destruction:obsidian_heart	create:sequenced_assembly (+ upstream Create parts)	create	M-06	ACCEPT	{'ACCEPT': 2}	killing the Obsidilith yields the heart that lets you chain the pack's most complex sequenced-assembly recipe — the boss
2	False	bosses_of_mass_destruction	bosses_of_mass_destruction:ancient_anima	ars_nouveau:imbuement (highest-tier reagent slot)	magic	M-10	ACCEPT	{'ACCEPT': 2}	ancient_anima is already the mod's most thematically "arcane" drop; routing it into an Ars imbuement as a tier-capping c
2	False	bosses_of_mass_destruction	bosses_of_mass_destruction:void_thorns (from Void Blossom)	occultism:ritual (high-tier summon ritual ingredient)	magic	M-11	ACCEPT	{'ACCEPT': 2}	void thorns from a plant-void boss feed an Occultism ritual — organic-void material powers spirit-magic; cohesive dark t
2	False	brazil_legends	brazil_legends:capelobo_claw	occultism:spirit_fire	magic	M-11	ACCEPT	{'ACCEPT': 2}	the claw of a folkloric cryptid burns in spirit-fire to yield an occult essence — exotic organic material feeds the spir
2	False	brazil_legends	brazil_legends:amber_shard	numismatics sell	economy	M-09	REJECT	{'REJECT': 2}	amber_shard is an everyday drop from a common mob; it already has a stronger routing via Create crushing (above). Adding
2	False	cold_sweat	cold_sweat:hearth (the multiblock climate-control block)	create:mechanical_crafting (gate its recipe on brass/andesite casing as inputs)	create	M-05	ACCEPT	{'ACCEPT': 2}	the Hearth is the survival pillar's single most important block (12,000-block climate radius, unlocks the Nether); gatin
2	False	create_enchantment_industry	create_enchantment_industry:experience_bucket (Liquid Experience fluid)	ars_nouveau:imbuement	magic	M-10	ACCEPT	{'ACCEPT': 3}	the Ars Nouveau Imbuement Chamber takes liquid XP as a ritually-equivalent power source — industrialised XP feeds the ar
2	False	create_new_age	create_new_age:thorium_ore (scarce biome-gated ore)	create:crushing → numismatics mint	economy	M-08	ACCEPT	{'ACCEPT': 2}	thorium is already region-gated (2 biome-modifiers); routing crushed thorium through the Metalwork melt pipeline into a 
2	False	create_new_age	create_new_age:corium (reactor waste)	occultism:spirit_fire	magic	M-11	REJECT	{'REJECT': 2}	Corium is reactor waste/meltdown material with a "dangerous nuclear slag" tone; Occultism's spirit_fire transmutes organ
2	False	createaddition	createaddition:electrum_ingot / c:ingots/electrum (gold+silver alloy, mid-tier metal)	numismatics mint	economy	M-08	REJECT	{'REJECT': 2}	Electrum is createaddition's internal conductor material (wires/rods used throughout the electrical tier); minting it in
2	False	createimmersivetacz	createimmersivetacz:twelve_gauge_shell / createimmersivetacz:rimmed_blunt_ap_casing / createimmersivetacz:40mmhe_casing (bulk ammo)	numismatics sell/trade	economy	M-09	ACCEPT	{'ACCEPT': 2}	mass-produced ammo rolling off a Create brass-and-sequenced-assembly line is exactly the kind of processed trade good th
2	True	deeperdarker	deeperdarker:soul_dust / soul_crystal (Otherside mob drops — thematic soul material)	occultism:spirit_fire	magic	M-11	ACCEPT	{'ACCEPT': 3}	Soul dust transmuted in spirit-fire is the most natural alchemy in the pack — the Otherside's soul-seam feeds the occult
2	False	dndesires	dndesires milkshakes (chocolate_milkshake, glowberry_milkshake — processed food outputs of its fan/mixing chain)	numismatics sell	economy	M-09	ACCEPT	{'ACCEPT': 1, 'REJECT': 1}	A Create-processed milkshake is a specialty drink that no vanilla kitchen makes — a player running the hydraulic fan cha
2	False	dndesires	dndesires:cardboard_package_* (logistics packaging, various sizes)	aeronautics ship logistics / M-13 adjacent	aeronautics	M-13	REJECT	{'REJECT': 2}	Cardboard packages are a Create-logistics item (stackable bulk shipping); routing them specifically to the aeronautics p
2	False	drones	drones:ion_thruster	create:sequenced_assembly	create	M-06	ACCEPT	{'ACCEPT': 2}	the ion thruster is a flight-grade component — of course it needs a precision Create assembly chain, not a craft table
2	False	drones	drones:iron_rotor	create:mechanical_crafting (brass shaft + andesite casing)	create	M-05	ACCEPT	{'ACCEPT': 2}	iron rotors are machined parts; a mechanical crafter is the natural home for a moving-parts assembly
2	False	drones	drones:pocket_drone (assembled)	numismatics sell	economy	M-09	ACCEPT	{'ACCEPT': 1, 'REJECT': 1}	a hand-built personal quadcopter is a luxury good; traders would pay coin for one
2	False	dynamictreesplus	dynamictreesplus:saguaro_fruit	create:milling	create	M-12	ACCEPT	{'ACCEPT': 2}	the mill chews desert forage into a cactus pulp that feeds food/dye recipes — raw world → machine output, exactly what C
2	False	dynamictreesplus	dynamictreesplus:brown_mushroom_cap / red_mushroom_cap	farmersdelight:cutting	create	M-12	ACCEPT	{'ACCEPT': 2}	giant mushroom caps cut down to cooking-ready pieces on the Farmer's Delight cutting board — big dynamic tree falls into
2	False	dynamictreesplus	dynamictreesplus:saguaro_fruit	numismatics sell	economy	M-09	REJECT	{'REJECT': 2}	saguaro_fruit is an everyday forage item with no processing behind it; M-09 is for high-effort consumables — a raw cactu
2	False	endrem	endrem:undead_eye	occultism:ritual (wither skeleton skull / bone meal + occultism spirit reagents)	magic	M-11	ACCEPT	{'ACCEPT': 2}	an undead-themed eye of ender grown from a ritual of bones and spirits — of course the occultist can conjure what the du
2	False	endrem	endrem:nether_eye	ars_nouveau:imbuement (fire charge + blaze rod + source_gem as catalyst)	magic	M-10	ACCEPT	{'ACCEPT': 2}	an eye attuned to the Nether forged at the Ars apparatus with nether materials and source — the magic school has its own
2	False	endrem	endrem:corrupted_eye	create:sequenced_assembly (derpack:incomplete_corrupted_eye chain)	create	M-06	ACCEPT	{'ACCEPT': 1, 'REJECT': 1}	a corrupted, fractured eye rebuilt by precision assembly — the engineer pieces together what corruption shattered; one m
2	False	enhancedcelestials	enhancedcelestials:meteor	create:crushing	create	M-04	ACCEPT	{'ACCEPT': 2}	a fallen-star rock from the sky — the crusher breaks it open and yields iron, nickel dust, and an XP nugget; every meteo
2	False	enhancedcelestials	Blood/Harvest/Blue Moon event state (no item)	any recipe-type method	magic	M-22	REJECT	{'REJECT': 1, 'ACCEPT': 1}	M-22 requires routing a *material* through a method under a moon condition; the moon events here are ambient world-state
2	True	expandeddelight	expandeddelight:salt_ore / deepslate_salt_ore	create:crushing	create	M-03	ACCEPT	{'ACCEPT': 3}	Crushing salt ore in a millstone doubles the yield and feeds the seasoning chain — a modest ore-doubling reward for a ki
2	False	expandeddelight	expandeddelight:cinnamon (c:dusts/cinnamon)	create:milling	create	M-12	ACCEPT	{'ACCEPT': 2}	Cinnamon bark goes through the Millstone before it reaches the mixing bowl — the spice chain runs through the spine
2	False	expandeddelight	expandeddelight:cheese_wheel / goat_cheese_wheel (time-gated, mid-tier)	numismatics sell	economy	M-09	ACCEPT	{'ACCEPT': 2}	Aged cheese is a specialty good — cave-cured wheels fetch real coin at market
2	True	farm_and_charm	farm_and_charm:barley / oat (grains)	create:milling	create	M-12	ACCEPT	{'ACCEPT': 2, 'REJECT': 1}	The Millstone turns grain into flour before it reaches the pot — the farmstead runs its grains through the spine
2	False	farm_and_charm	farm_and_charm:butter / eggs / meat surplus (animal husbandry yield)	numismatics sell	economy	M-09	ACCEPT	{'ACCEPT': 2}	A well-run farmstead produces more butter and meat than the crew can eat — surplus goes to market, and livestock husband
2	False	farm_and_charm	farm_and_charm:barley (grain)	vinery:apple_mashing or extradelight:vat → numismatics	economy	M-12	REJECT	{'REJECT': 2}	Barley fermentation is plausible but the processing route through Vinery or ExtraDelight's vat adds a compounding depend
2	False	friendsandfoes	friendsandfoes:crab_claw	ars_nouveau:imbuement OR occultism:spirit_fire	magic	M-02	ACCEPT	{'ACCEPT': 2}	The crab's reach-extending claw is already a reagent in vanilla brewing; routing it into an Ars imbuement (or spirit-fir
2	False	friendsandfoes	friendsandfoes:copper_golem_head	create:crushing	create	M-04	REJECT	{'REJECT': 2}	Copper_golem_head is already absorbed under the copper-deco accept above (same M-04 motif, same method, same metal). Rec
2	False	mowziesmobs	mowziesmobs:ice_crystal (Frostmaw drop)	create:sequenced_assembly (gate input)	create	M-15	ACCEPT	{'ACCEPT': 2}	The ice crystal is a rare, non-renewable boss trophy; it slots naturally as the cold-tier keystone in a high-end Create 
2	False	mowziesmobs	mowziesmobs:sol_visage (Barako/Barakoa drop)	ars_nouveau:imbuement	magic	M-10	ACCEPT	{'ACCEPT': 2}	The Sol Visage channels solar power and grants sun abilities; it's already arcane in nature. Consuming a fragment of it 
2	False	samurai_dynasty	samurai_dynasty Yokai drops (akaname_tongue, enenra ash or drop, etc.)	occultism:spirit_fire OR ars_nouveau:imbuement	magic	M-02	ACCEPT	{'ACCEPT': 2}	Yokai are supernatural spirits in the folklore canon; their dropped reagents (a demon's tongue, a smoke-wraith's essence
2	False	samurai_dynasty	samurai_dynasty:silver_ore / silver ingot	create:crushing (ore-doubling)	create	M-03	REJECT	{'REJECT': 2}	⚠ SILVER CAVEAT from CLAUDE.md: Samurai Dynasty tags its silver as c:* silver and this CONFLICTS with the Galosphere pal
2	False	sereneseasons	season_sensor redstone output	create:deploying / contraption logic	create	M-16	ACCEPT	{'ACCEPT': 2}	the season sensor feeds a Create gearshift/contraption so automated farms switch crops or open greenhouse shutters on a 
2	False	sereneseasons	out-of-season produce (scarce)	numismatics sell	economy	M-09	REJECT	{'REJECT': 2}	systemic link only — Serene Seasons does not produce a *specific item* to price; the scarcity effect is already ambient;
2	False	smokeleafindustries	refined extracts / gummies (finished consumables)	numismatics sell / dealer-trade bridge	economy	M-09	ACCEPT	{'ACCEPT': 2}	the strain farm already has dealer/stoner village trades baked in — pricing the refined end-products (gummies, extracts)
2	False	smokeleafindustries	raw hemp / buds	create:milling	create	M-12	REJECT	{'REJECT': 2}	smokeleafindustries already has its own grinder/dryer processing chain; routing hemp through Create milling as a *parall
2	False	solonion	golden_lunchbox (the tier-3 best food container)	create:mechanical_crafting	create	M-05	ACCEPT	{'ACCEPT': 2}	gating the golden lunchbox (the pack's best auto-food QoL item) behind a Create mechanical-crafting step means reaching 
2	False	tfmg	tfmg:diesel / tfmg:gasoline / tfmg:lpg (TFMG distillation outputs)	TFMG combustion engine → Aeronautics engine/generator fuel intake	aeronautics	M-13	ACCEPT	{'ACCEPT': 2}	the distillation tower refines crude oil into the exact fuels that power Aeronautics airship engines — the fuel supply l
2	False	tfmg	tfmg:steel_ingot (iron → Industrial Blast Furnace → steel)	numismatics mint	economy	M-08	REJECT	{'REJECT': 1, 'ACCEPT': 1}	M-08 requires scarce regional metal; steel is a processing chain on abundant iron + coal, not a regionally scarce ore — 
2	True	tide	tide rare/biome-locked fish (abyss_angler, void fish, trophy catches)	numismatics sell	economy	M-09	ACCEPT	{'ACCEPT': 3}	A rare deep-sea catch is worth real coin — fishing specialization becomes a viable trade route, with biome-locked fish a
2	False	tide	tide raw fish output (c:foods/raw_fish, bulk stream)	farmersdelight:cutting → create:milling (fishmeal byproduct)	create	M-12	ACCEPT	{'ACCEPT': 2}	Fish scraps from the cutting board go through the Millstone as fishmeal — the fishing haul feeds the Create processing c
2	True	tide	tide exotic fish (abyss_angler, void catches)	occultism:ritual / ars imbuement	magic	M-02	REJECT	{'REJECT': 2}	the dossier rates it WEAK and it competes with the stronger M-16 seasonal routing and M-09 sale for the same rare catche
2	True	underground_village	Stoneholm villager trades (loot=yes, villagers spawned in underground settlements)	numismatics villager-trade seating	economy	M-21	REJECT	{'REJECT': 2}	M-21 is provisional and the maintainer leans no; Stoneholm's villagers are vanilla job-site holders — routing them to Nu
2	True	undergroundworlds	undergroundworlds:spider_fang (Black Recluse drop)	occultism:spirit_fire	magic	M-11	ACCEPT	{'ACCEPT': 3}	A fang soaked in spirit-fire distills into an occult essence — the spider catacombs have always felt cursed
2	True	undergroundworlds	undergroundworlds:temple_bricks / pyramid_bricks / ice_bricks (block families)	create:crushing	create	M-04	ACCEPT	{'ACCEPT': 2}	dungeon masonry crushes back to sand/gravel + an xp nugget — lossy salvage so a looted temple-brick haul isn't a dead-en
2	True	undergroundworlds	undergroundworlds:desert_charm / antidote_flask	ars_nouveau:enchanting_apparatus / imbuement upgrade	magic	M-10	REJECT	{'REJECT': 2}	the charms ALREADY grant clean status-immunity by design (blindness / poison); re-routing them through an arcane upgrade
2	False	vc_gliders	vc_gliders:paraglider_iron / _gold / _diamond (mid-tier gliders) + reinforced paper base	create:pressing (metal sheets) + create:mechanical_crafting (assembly)	create	M-05	ACCEPT	{'ACCEPT': 2}	Proper paraglider frames are stamped from Create-pressed sheets — a workshop builds what a workbench can't; personal fli
1	False	aeronautics_dyeable_components	colored levitite/tire	create:toolbox_dyeing	create		REJECT	{'REJECT': 1}	cosmetic dye steps via Create toolbox are marginal; no motif applies; forced Create edge just to hit a pillar count woul
1	True	aileron	aileron Elytra enchantments	ars_nouveau:enchanting_apparatus / reactive_enchantment (or Iron's)	magic	M-10	REJECT	{'REJECT': 1}	conditional and not authorable as stated — only possible IF aileron's enchants are datapack-exposed as applicable enchan
1	False	alcohol_industry	spirits/beer	extradelight:vat or extradelight:mixing_bowl	survival	M-12	ACCEPT	{'ACCEPT': 1}	the Vat/evaporator as a reduction step — reduce spirits → spirit reduction/glaze as a cooking ingredient, tying the dist
1	False	alcohol_industry	alcohol_industry:beer / vodka / whiskey / tequila (bottled spirits, mid-effort Create output)	numismatics vendor price	economy	M-09	ACCEPT	{'ACCEPT': 1}	a crate of spirits is the distillery's export; the same Create chain that makes them ends at the vendor — the economy re
1	False	alcohol_industry	alcohol_industry:alcohol_base (fluid)	extradelight:vat / ars_nouveau:imbuement	magic	M-10	REJECT	{'REJECT': 1}	Alcohol Base is an industrial intermediate (a feedstock fluid); pulling it into arcane infusion as a magic reagent would
1	True	alexsmobs	alexsmobs:ambergris (rare whale-adjacent drop — high rarity, exotic material)	ars_nouveau:imbuement	magic	M-10	ACCEPT	{'ACCEPT': 1, 'REJECT': 1}	Ambergris has been a prized arcane ingredient since alchemy's earliest days — imbuing it into an arcane reagent is exact
1	False	alexsmobs	alexsmobs:ender_residue (End biome drop, exotic)	occultism:spirit_fire	magic	M-11	ACCEPT	{'ACCEPT': 1}	Ender residue dissolves into an occult essence under spirit-fire — the void seeps into the ritual web
1	False	alexsmobs	alexsmobs:bear_dust (rare, combat drop)	occultism:ritual	magic	M-02	ACCEPT	{'ACCEPT': 1}	Ground bear-matter is a traditional catalyst in old-world rituals — the wilderness brings reagents to the altar
1	False	alexsmobs	alexsmobs:void_worm_beak / void_worm_effigy (flagship endgame boss parts)	create:sequenced_assembly	create	M-06	ACCEPT	{'ACCEPT': 1}	The void worm's beak is the keystone component in a sequenced airship weapon assembly — defeating the void unlocks the n
1	False	alexsmobs	alexsmobs:skunk_spray (environmental, common)	create:mixing	create	M-12	REJECT	{'REJECT': 1}	Skunk spray is a passive environmental annoyance mechanic — routing it through Create mixing as a chemical intermediate 
1	True	alexsmobs	alexsmobs:void_worm_beak (+ void_worm cartilage/parts)	a complex Create/tech recipe gated on the beak (boss-key)	create	M-15	ACCEPT	{'ACCEPT': 1}	the Void Worm is alexsmobs' endgame boss; its beak is the perfect DESIGN on-ramp gate item for a flagship Create/aeronau
1	True	alexsmobs	alexsmobs:void_worm_beak / soul-flavored drops	occultism:ritual / spirit_fire	magic	M-11	ACCEPT	{'ACCEPT': 1}	void-worm remains transmuted at a pentacle into a high-tier essence — an endgame drop earning an endgame ritual. Coheren
1	True	alexsmobs	alexsmobs:ambergris	numismatics vendor/price	economy	M-09	ACCEPT	{'ACCEPT': 1}	ambergris is literally history's whale-derived luxury trade good (perfume base) — selling it for coin is the most *thema
1	True	alexsmobs	alexsmobs mid mob-drops (bear_dust, skunk_spray, shells, etc.)	occultism:spirit_fire / ars imbuement	magic	M-02	ACCEPT	{'ACCEPT': 1}	the canonical mob-drop reagent sink — exotic fauna drops become ritual/infusion inputs so the bestiary feeds the magic w
1	True	alexsmobs	alexsmobs mob bones/shells/dust (e.g. bear_dust, hard shells)	create:crushing / mixing	create	M-03	ACCEPT	{'ACCEPT': 1}	crushable mob byproducts (shells→powder, bone→meal) feed Create processing — a second, mechanical sink so fauna also tou
1	True	alexsmobs	alexsmobs:banana / banana_peel (meme content)	any method	any		REJECT	{'REJECT': 1}	whimsical/meme drop; routing the banana into a solemn ritual or the tech spine is the textbook tone-clash lifeless-threa
1	True	alexsmobs	alexsmobs:leafcutter_anthill (passive leaf→resource generator)	create:* automation	create		REJECT	{'REJECT': 1}	no-motif — it's a self-contained passive generator; "automate it with Create" is a vibe, not a material-through-method r
1	False	alexsmobs	alexsmobs:ambergris (mid drop, whale-type mob)	occultism:spirit_fire	magic	M-02	ACCEPT	{'ACCEPT': 1}	ambergris is ancient sea-creature biology; spirit-fire distilling it into an occult essence reads as obviously right — w
1	False	alexsmobs	alexsmobs:ender_residue (mid/endgame drop, end-touched mob)	occultism:spirit_fire	magic	M-02	ACCEPT	{'ACCEPT': 1}	ender_residue is literally end-dimension matter condensed; spirit-fire transmuting it into a void/ender essence is exact
1	False	alexsmobs	alexsmobs:void_worm_beak (endgame — void worm is a mini-boss)	ars_nouveau:imbuement	magic	M-10	ACCEPT	{'ACCEPT': 1}	the void worm is the most alien creature in the mod; its beak infused in the enchanting apparatus as a high-tier arcane 
1	False	alexsmobs	alexsmobs:bear_dust (everyday — common bear drop)	create:crushing	create	M-03	REJECT	{'REJECT': 1}	crushing bear_dust → generic bonemeal equivalent is a red-herring; bonemeal already exists and the intermediate adds not
1	False	ars_nouveau	ars_nouveau:archwood_log (archwood burns; Volcanic Sourcelink bonus for archwood)	ars_nouveau:imbuement (or haunting as a Create bridge)	create	M-19	REJECT	{'REJECT': 1}	archwood-as-fuel is a passive Source mechanic, not a material that Create's haunting method wants — no meaningful Create
1	False	ars_nouveau	ars_nouveau:source_gem	create:crushing (crush spent source blocks)	create	M-04	REJECT	{'REJECT': 1}	source_gem is the reserved magic currency (reagent-ownership); routing it through create:crushing recycle loop would und
1	False	ars_nouveau	crop surplus / mob death events (farm mods' organic output)	ars_nouveau:agronomic_sourcelink / vitalic_sourcelink (passive drain, not a recipe)	survival	M-02	ACCEPT	{'ACCEPT': 1}	the farm feeds the spell-books — plant more crops, the source jars fill faster; survival and magic are the same loop
1	False	ars_nouveau	foreign essences / lapis / amethyst	ars_nouveau:imbuement → source_gem	magic	M-01	ACCEPT	{'ACCEPT': 1}	the imbuement chamber is the universal arcane mint — every magic reagent in the pack passes through it on the way to sou
1	False	ars_nouveau	ars_nouveau:source_gem (magic currency)	numismatics vendor price	economy	M-09	REJECT	{'REJECT': 1}	source gems are the operational fuel of the magic system; pricing them as trade goods would incentivize selling them ins
1	False	ars_nouveau	ars_nouveau archwood surplus (archwood logs/planks)	create:milling → Ars recipes	create	M-12	REJECT	{'REJECT': 1}	archwood is primarily a building block and Ars' own aesthetic material; milling it into dust to feed back into Ars recip
1	False	astikorcartsredux	plow/reaper (iron-bearing implements)	create:pressing → iron sheets as crafting ingredient	create	M-05	REJECT	{'REJECT': 1}	the dossier tags this WEAK and correctly so — gating a wooden cart's plow blade behind Create-processed iron sheets is d
1	False	astikorcartsredux	astikorcartsredux supply cart (cargo hauling)	numismatics vendor — a filled supply cart as a deliverable trade good	economy	M-21	REJECT	{'REJECT': 1}	M-21 is provisional and leans no; a supply cart is a vehicle, not a vendored consumable; the pairing is contrived. No ec
1	True	bakery	bakery finished goods (cakes, tarts, jams, breads — high-effort tier)	numismatics sell	economy	M-09	ACCEPT	{'ACCEPT': 3}	A well-stocked bakery is a village staple — decorated cakes command a premium coin at market
1	True	bakery	bakery wheat → flour path	create:milling	create	M-12	ACCEPT	{'ACCEPT': 1, 'REJECT': 1}	The Millstone grinds grain into flour before it ever reaches the oven — the bake chain runs through the tech spine from 
1	True	bakery	bakery surplus crops/baked goods	ars_nouveau agronomic/vitalic sourcelink (passive Source)	magic	M-02	REJECT	{'REJECT': 1}	weak + better owned by the farm mods; a baker feeding a magic battery is a thin thread and the dossier itself flags it a
1	False	bakery	bakery:strawberry_cake / chocolate_gateau / linzer_tart / apple_pie (finished luxury baked goods)	numismatics sell — high-effort multi-step confections are natural luxury trade goods	economy	M-09	ACCEPT	{'ACCEPT': 1}	a fresh-baked cake takes flour, fruit, sugar, and a stove pass — exactly the kind of high-effort consumable a Numismatic
1	False	bakery	wheat (crop input)	create:milling — mill wheat to flour as an alternative/preferred supply path into the bakery pipeline	create	M-12	ACCEPT	{'ACCEPT': 1}	the Create mill grinds the grain; bakery ovens finish the bread — the food chain runs through the tech spine at the flou
1	True	betterdungeons	dungeon chest loot	loot-table seeding of magic reagents (Ars source_gem-adjacent inputs / Occultism / boss reagents)	magic	M-02	REJECT	{'REJECT': 1}	no method to route a material through — betterdungeons has no item and no recipe-type; gating magic progression behind d
1	True	betterdungeons	dungeon chest loot	loot-table seeding of numismatics coin / sellable rarities, OR using the dungeons as Bountiful kill-objective targets	economy	M-08	REJECT	{'REJECT': 1}	same — loot-table seeding is not a recipe routing. Note the stronger play: point Bountiful Decrees at the dungeons' spaw
1	False	bits_n_bobs	bits_n_bobs tile/chair deco blocks	create:crushing → crushed stone + xp nugget byproduct	create	M-04	ACCEPT	{'ACCEPT': 1}	a tile floor torn out goes back into the crusher — deco and industry stay one loop
1	False	bosses_of_mass_destruction	bosses_of_mass_destruction:blazing_eye	create:sequenced_assembly or boss-drop ingredient slot	create	M-06	ACCEPT	{'ACCEPT': 1}	the Nether Gauntlet's eye as a required sequenced-assembly component — fire-themed boss drop earns fire-themed tech part
1	False	bosses_of_mass_destruction	bosses_of_mass_destruction:ancient_anima	bountiful bounty (premium objective turn-in) → numismatics payout	economy	M-14	ACCEPT	{'ACCEPT': 1}	the rarest reagent in the pack as a premium bounty; economy gets its hardest demand node; combat→coin loop is complete
1	False	bosses_of_mass_destruction	bosses_of_mass_destruction:obsidian_heart	ars_nouveau:imbuement	magic	M-10	REJECT	{'REJECT': 1}	obsidian_heart already earmarked as the sequenced-assembly boss-key (M-06 above); double-dipping the same drop into both
1	False	bosses_of_mass_destruction	bosses_of_mass_destruction:brimstone_nectar / crystal_fruit	numismatics sell	economy	M-09	REJECT	{'REJECT': 1}	these are supplementary drops, not the bosses' signature reagents; their tier is too ambiguous to price well, and econom
1	False	bosses_of_mass_destruction	bosses_of_mass_destruction:blazing_eye	ars_nouveau:imbuement	magic	M-10	REJECT	{'REJECT': 1}	ancient_anima is the better single magic pick — using two boss drops for the same motif (M-10 imbuement) dilutes both an
1	False	bosses_of_mass_destruction	boss reagents (any)	numismatics sell or bountiful bounty	economy	M-14	REJECT	{'REJECT': 1}	M-14 is provisional (leans no, flagged for 0.9 review); surfacing for completeness but should not be authored until the 
1	False	bountiful	bountiful:bounty (payout reward slot)	numismatics coin as the default bounty reward	economy	M-14	ACCEPT	{'ACCEPT': 1}	the bounty board pays out in Numismatics coin — Bountiful becomes the economy pillar's primary faucet and Numismatics ge
1	False	bountiful	bountiful:decree (objective pool) configured to demand Create-processed goods (e.g. andesite alloy, zinc ingot, brass ingot)	bountiful objective → numismatics payout	create	M-14	ACCEPT	{'ACCEPT': 1}	bounties ask for Create outputs — the tech spine directly feeds the economy; players who specialize in Create become the
1	False	bountiful	bountiful:decree configured to demand magic reagents (source gems, arcane essence)	bountiful objective → numismatics payout	magic	M-14	ACCEPT	{'ACCEPT': 1}	magic crafters can sell their reagent surplus through bounties — magic becomes tradeable rather than siloed
1	False	bountiful	bountiful:decree configured to demand Farmer's Delight / Vinery processed food	bountiful objective → numismatics payout	survival	M-14	ACCEPT	{'ACCEPT': 1}	the cook/farmer's output has a standing buyer; food production earns coin and the economy board rewards all playstyles, 
1	False	bountiful	bountiful:bounty (reward slot) → direct Ars source_gem / Iron's arcane_essence payout	bountiful reward	magic	M-01	REJECT	{'REJECT': 1}	paying magic currency directly from a quest board short-circuits the magic progression and the currency's scarcity role 
1	True	bountiful	bounty reward payout	bountiful board → numismatics (set payout to numismatics:cog/spur, not gold)	economy	M-14	ACCEPT	{'ACCEPT': 1, 'REJECT': 1}	the bounty board is the pack's early money faucet — turning in a contract pays the pack's real currency, so Numismatics 
1	True	bountiful	mob-kill bounty objectives (Decrees pointed at the pack's hostile mobs / boss adds)	bountiful board consumes kills → pays coin	organic/combat	M-14	ACCEPT	{'ACCEPT': 1}	hunting pays — a kill-bounty turns clearing the world's mobs (including modded mobs and dungeon spawners like betterdung
1	True	bountiful	farm/fish/hunt bounty objectives (Decrees pointed at the pack's crop, seafood, and seasonal outputs)	bountiful board consumes goods → pays coin	survival	M-14	ACCEPT	{'ACCEPT': 1}	the board asks for this season's harvest or a coastal catch and pays for it, rewarding engagement with the Serene Season
1	True	bountiful	any-pillar surplus as a bounty objective (Decrees that REQUEST Create-processed goods, magic reagents, or aeronautics cargo)	bountiful board consumes the good → pays coin	create	M-14	ACCEPT	{'ACCEPT': 1}	the board is a universal sink — whatever pillar a player over-produces, a bounty can ask for it and pay coin, so surplus
1	False	brazil_legends	brazil_legends:big_tongue	ars_nouveau:imbuement	magic	M-10	ACCEPT	{'ACCEPT': 1}	the Cuca's tongue as an Ars imbuement catalyst — monstrous organic as arcane ingredient; thematically the Cuca is alread
1	False	brazil_legends	brazil_legends:amber_shard	create:crushing (→ fine amber powder as an Ars/Occultism reagent byproduct)	create	M-03	ACCEPT	{'ACCEPT': 1}	amber drops from folklore mobs → crushed in Create to fine amber powder, which then feeds a magic recipe; one crushing s
1	False	brazil_legends	brazil_legends:amber_shard	ars_nouveau:imbuement	magic	M-10	ACCEPT	{'ACCEPT': 1}	amber is already associated with preserved/trapped essences; imbuement of amber into an arcane reagent reads as releasin
1	False	brazil_legends	brazil_legends:big_tongue (Cuca/folklore drop)	occultism:ritual	magic	M-11	REJECT	{'REJECT': 1}	using both big_tongue AND capelobo_claw for the same M-11/magic slot is redundant; one mob-drop-to-spirit-fire (capelobo
1	False	cbc_at	cbc_at heavy-autocannon / rocket-pod (endgame tier)	boss-drop gate (M-15)	create	M-15	ACCEPT	{'ACCEPT': 1}	you can't bolt a battleship cannon onto a ship until you've earned the boss drop that proves you can survive one
1	False	cbc_at	cbc_at munitions (gunpowder/propellant chain)	tfmg:coking or create:mixing (chemical propellant)	create	M-12	REJECT	{'REJECT': 1}	propellant already feeds through CBC's own assembly chain; adding a TFMG coking step upstream is plausible but speculati
1	False	chefsdelight	chefsdelight Cook/Chef villager meal sales (Roast Chicken, Honey Glazed Ham, FD feasts)	numismatics vendor price (KubeJS trade repricing)	economy	M-09	ACCEPT	{'ACCEPT': 1}	the village chef takes coins, not emeralds — the cook economy plugs into the pack's real currency instead of running on 
1	False	chefsdelight	chefsdelight Cook villager profession	M-21 (villager trade → numismatics)	economy	M-21	REJECT	{'REJECT': 1}	M-21 is provisional; maintainer leans no on villager→coin seams. Use M-09 (luxury food → coin) instead, which is accepte
1	False	cold_sweat	cold_sweat:boiler + cold_sweat:icebox	create:mechanical_crafting (gate on copper/zinc components — cheaper than hearth)	create	M-05	ACCEPT	{'ACCEPT': 1}	the half-power climate emitters also require basic Create metal — reinforces the dependency without making early temp ma
1	False	cold_sweat	cold_sweat:goat_fur / cold_sweat:chameleon_molt	create:milling (→ insulation fiber as a reagent for the sewing table)	create	M-12	ACCEPT	{'ACCEPT': 1}	milling the organic insulation material produces the fiber the sewing table needs — Create processing feeds Cold Sweat's
1	False	cold_sweat	cold_sweat:goat_fur_chestplate / cold_sweat:chameleon_chestplate (insulated armor)	numismatics sell	economy	M-09	ACCEPT	{'ACCEPT': 1}	a crew heading into tundra or nether pays for pre-insulated armor from the team's smith; insulation tier turns survival 
1	False	cold_sweat	cold_sweat:filled_waterskin (hot/cold)	create:filling (already exists as inbound weave per dossier)	create	M-12	REJECT	{'REJECT': 1}	the dossier already records `create:filling` as an existing inbound weave on cold_sweat — this connection is already aut
1	False	cold_sweat	cold_sweat:soul_stalk (a cold_sweat plant drop)	ars_nouveau:imbuement or occultism:spirit_fire	magic	M-10	REJECT	{'REJECT': 1}	soul_stalk is a temperature/survival plant, not a thematically magical one — forcing it into Ars or Occultism as a reage
1	False	cold_sweat	cold_sweat:goat_fur / chameleon_molt / hoglin hide insulated armor	numismatics sell — insulated gear as a trade good for players equipping crews headed to winter/nether biomes	economy	M-09	REJECT	{'REJECT': 1}	insulated armor is personal protective gear (not a luxury consumable or processed good); selling it doesn't feel like a 
1	False	cold_sweat	cold_sweat:goat_fur / chameleon_molt	occultism:spirit_fire transmutation — rare creature materials transmuted into a warmth-essence reagent	magic	M-11	REJECT	{'REJECT': 1}	these are mundane insulating furs, not inherently magical; forcing spirit transmutation on goat fur feels arbitrary — th
1	False	cold_sweat	cold_sweat:boiler / icebox fueling	create:filling — pipe Create fluid (lava/steam) into the boiler as a higher-efficiency fuel	create	M-12	REJECT	{'REJECT': 1}	create:filling inbound weave already exists (waterskin filling); extending it to boiler fueling is plausible but adds no
1	False	companions	Crystallized Blood / soul gems	occultism:spirit_fire or ars_nouveau:imbuement	magic	M-11	ACCEPT	{'ACCEPT': 1}	a Soul Furnace that converts mob-drops into crystallized essences is a natural upstream supplier for the Occultism/Ars s
1	False	companions	companions:relic_gold (boss drop of the Sacred Pontiff)	numismatics vendor (sell for coin)	economy	M-09	ACCEPT	{'ACCEPT': 1}	a rare boss relic priced as a luxury collectible/currency good is a natural sell; endgame drops earning meaningful coin 
1	False	companions	companions:copper_coin / nether_coin / end_coin	numismatics exchange (bridge to pack currency)	economy		REJECT	{'REJECT': 1}	bridging two coin systems would require inventing a conversion recipe with no existing motif; the "no-motif → REJECT-for
1	False	companions	voltaic pillar / tesla coil deco blocks	create:crushing	create	M-04	REJECT	{'REJECT': 1}	the Tesla electrical aesthetic clashes tonally with Create's clockwork-steam vibe — industrial electricity as a Create r
1	False	companions	companions:crystallized_blood (Soul Furnace output, mid-tier soul reagent)	occultism:spirit_fire or occultism:ritual	magic	M-11	ACCEPT	{'ACCEPT': 1}	the Soul Furnace feeds the ritual circle — eldritch alchemy chains from one fire to the next
1	False	companions	companions:soul_gem (Soul Furnace diamond output, mid-tier)	ars_nouveau:imbuement → source contribution or reagent role	magic	M-10	ACCEPT	{'ACCEPT': 1}	a gem distilled through soul-fire carries the arcane charge the imbuement chamber needs
1	False	companions	companions boss drop — relic_gold (Sacred Pontiff, endgame)	numismatics vendor price (M-09 luxury) or boss-key gate (M-15)	economy	M-09	ACCEPT	{'ACCEPT': 1}	the relic the Pontiff guards is what the bankers want — killing the boss opens the premium coin market
1	False	companions	companions boss drop — relic_gold (Sacred Pontiff)	boss-drop gate as Create recipe input (M-15)	create	M-15	ACCEPT	{'ACCEPT': 1}	the Pontiff's relic is the key component the engineer needs for a complex machine (endgame Create gating)
1	False	companions	companions tesla/voltaic deco blocks (copper-based)	create:crushing → copper scrap + xp nugget	create	M-04	REJECT	{'REJECT': 1}	WEAK — the Tesla electrical theme is its own cosmetic system; crushing it for copper creates a gameplay path (dismantle 
1	False	companions	companions:crystallized_blood	createaddition:charging (FE/electricity bridge)	create	M-17	REJECT	{'REJECT': 1}	the Tesla network and Create's FE system (CreateAddition) are architecturally separate; they don't share a common FE bus
1	False	cookingforblockheads	cookingforblockheads:oven / cookingforblockheads:fridge / cookingforblockheads:sink (flagship kitchen appliances)	create:mechanical_crafting (gate each upgraded appliance on Create copper sheets / brass casings as recipe inputs)	create	M-05	ACCEPT	{'ACCEPT': 1, 'REJECT': 1}	the modular kitchen's three power appliances require Create metalwork — the food infrastructure depends on the tech spin
1	False	cookingforblockheads	cookingforblockheads:cooking_table (the kitchen hub block)	create:mechanical_crafting (gate on andesite casing + a shaft, reflecting its role as an automated recipe aggregator)	create	M-05	ACCEPT	{'ACCEPT': 1}	the Cooking Table is essentially a lightweight automation layer over food — asking for Create andesite parts in its reci
1	False	cookingforblockheads	cookingforblockheads kitchen output (any batch-cooked processed food)	bountiful decree demanding cooked dishes → numismatics payout	economy	M-14	ACCEPT	{'ACCEPT': 1}	the kitchen produces food in bulk; the bounty board has a standing buy order for cooked meals — the cook's surplus earns
1	False	cookingforblockheads	cookingforblockheads:cow_jar / cookingforblockheads:milk_jar (renewable milk source)	any method	create		REJECT	{'REJECT': 1}	no-motif — a jar of renewable milk has no natural pull from any Create machine method or magic ritual in the pack; it's 
1	False	cookingforblockheads	Oven / Fridge / Sink (flagship kitchen appliances)	create:mechanical_crafting or create:item_application — gate the upgraded appliance tiers on Create-made brass/copper sheets and mechanical components; the kitchen builds toward being a tech-enabled workspace	create	M-05	ACCEPT	{'ACCEPT': 1}	upgrading the kitchen from wood counters to full refrigeration takes Create-machined parts — cooking is a survival goal,
1	False	cookingforblockheads	kitchen appliances (all color variants)	numismatics sell — selling pre-assembled kitchen sets as player-trade luxury goods	economy	M-09	REJECT	{'REJECT': 1}	CfB is a convenience/recipe-discovery tool, not a luxury good — its value is in the multiblock function, not as a resale
1	False	cookingforblockheads	Toaster (cookingforblockheads:toaster recipe type)	pull foreign breads/baked goods through for conversion	survival	M-12	REJECT	{'REJECT': 1}	no-motif fit: M-12 is for a raw crop/material running through a processing method into a useful intermediate — toasting 
1	False	copperagebackport	copper deco blocks (copper_chest, copper_bars, copper_chain, copper_lantern, copper_torch, oxidized variants)	create:crushing	create	M-04	ACCEPT	{'ACCEPT': 1, 'REJECT': 1}	weathered copper ornaments feed back into the copper economy via a mechanical crusher — oxidation is lossy, so scrap ≠ f
1	False	copperagebackport	Copper Golem (minecraft:copper_golem_statue, logistics mob)	thematic adjacency to Create logistics	aeronautics		REJECT	{'REJECT': 1}	the Golem is a vanilla-adjacent item-sorter mob; Create already has its own item-routing (funnels, vaults, deployers). G
1	False	copperagebackport	copper_chest (double-chest support, oxidized variants)	numismatics economy — a waxed copper chest as a trade-good deco item	economy	M-09	REJECT	{'REJECT': 1}	copper chests are a storage utility item, not a "luxury good" in the M-09 sense (high-effort consumable / wine / cheese)
1	False	copperagebackport	minecraft:copper_chest / copper_bars / copper_chain / copper_lantern / copper deco set	create:crushing	create	M-04	ACCEPT	{'ACCEPT': 1}	the copper deco tree crushes back to copper nuggets/raw copper + an XP nugget — same loss-accepting recycle that Create 
1	False	copperagebackport	minecraft:copper_axe / copper_boots / copper armor/tools	create:crushing	create	M-04	ACCEPT	{'ACCEPT': 1}	copper tools/armor crushed in a millstone or crushing wheels yields copper nuggets — consistent with M-04's recycle prin
1	False	copperagebackport	copperagebackport:copper_button / exposed_copper_button etc.	create:crushing	create	M-04	REJECT	{'REJECT': 1}	copper buttons are already covered by friendsandfoes (which ships the same button set with the same item ids) — flagged 
1	False	create_enchantment_industry	create_enchantment_industry:experience_bucket (Liquid Experience)	occultism:ritual	magic	M-11	REJECT	{'REJECT': 1}	Occultism rituals already use spirit solution (the reserved reagent) and raw XP isn't a named Occultism input. Routing l
1	False	create_enchantment_industry	create_enchantment_industry:enchanting_template / super_enchanting_template (endgame hyper-enchant mats)	irons_spellbooks:alchemist_cauldron_brew	magic	M-17	REJECT	{'REJECT': 1}	M-17 is "electric FE charging bridge" — charging a focus/tool, not brewing with templates. Template-into-cauldron doesn'
1	False	create_enchantment_industry	create_enchantment_industry:experience_bucket	create_enchantment_industry:grinding (Mechanical Grindstone)	create	M-06	REJECT	{'REJECT': 1}	grinding → within the same mod, not a pillar bridge; M-06 is for endgame multi-stage keystones gated cross-mod. Internal
1	False	create_enchantment_industry	Liquid Experience as a high-tier sellable	numismatics coin	economy	M-09	REJECT	{'REJECT': 1}	liquid XP is not a "luxury good" — it's an automation byproduct of mob farms. M-09 is for high-effort consumables (wine/
1	False	create_enchantment_industry	create_enchantment_industry enchanted book output	numismatics sell	economy	M-09	REJECT	{'REJECT': 1}	automated enchanted goods are already naturally sellable under any Numismatics config; this is a play-pattern, not an au
1	False	create_ironworks	create_ironworks:tin_ingot / c:ingots/tin (scarce regional ore, biome-biased worldgen)	create:crushing → numismatics mint	economy	M-08	ACCEPT	{'ACCEPT': 1}	Tin is a scarce regional vein — a miner who knows which biome to dig becomes the pack's tinsmith, and minted tin coin is
1	False	create_ironworks	create_ironworks:bronze_ingot / c:ingots/bronze (alloy — mid tier)	numismatics mint (M-08 extension — bronze as a processed coin metal)	economy	M-08	ACCEPT	{'ACCEPT': 1}	Bronze is smelted from tin+copper through the Create mixing chain — a higher-value coin reflects the labour of alloying;
1	False	create_ironworks	create_ironworks:steel_ingot / c:ingots/steel (endgame Create alloy)	numismatics mint (premium denomination)	economy	M-08	REJECT	{'REJECT': 1}	Steel is already Create's endgame processed metal; minting it into coin on top of also minting tin+bronze risks flooding
1	True	create_ironworks	tin (raw_tin / ingots/tin via the c:tags vocabulary)	create:crushing/mixing processing → numismatics mint	economy	M-08	ACCEPT	{'ACCEPT': 1}	Tin is a brand-new regional scarcity metal — its ore bias is already set by the mod's 3 biome-modifiers, so a region tha
1	True	create_ironworks	bronze/steel plates (item/plates/bronze, item/plates/steel)	Create assembly → Aeronautics hull/structural part	aeronautics	M-13	REJECT	{'REJECT': 1}	no-motif — a "structural metal feeds the airship hull" edge is thematically very plausible (steel plate is the obvious s
1	True	create_ironworks	steel_ingot	create:deploying / item_application of a woven part	create	M-20	REJECT	{'REJECT': 1}	redundant — steel already ships a built-in Smithing upgrade to Netherite, so it is fully anchored inside Create with a w
1	True	create_ironworks	bronze/steel ingot	arcane infusion (ars_nouveau:imbuement) into a magic reagent	magic	M-10	REJECT	{'REJECT': 1}	theme/red-team — there is no in-world reason a mundane industrial alloy refines into arcane essence; the magic pillar al
1	False	create_new_age	create_new_age:energising (method: the Energiser machine)	create_new_age:energising of a magic-pillar keystone	magic	M-17	ACCEPT	{'ACCEPT': 1}	electrifying a magic focus or arcane component through the Energiser — FE charges the arcane — threads the electric tier
1	False	create_new_age	create_new_age:energising	ars_nouveau:enchanting_apparatus powered by FE	magic	M-10	REJECT	{'REJECT': 1}	the Enchanting Apparatus has its own power source (source jars); wiring FE into it is not a supported mechanic. M-10 is 
1	False	create_new_age	create_new_age:copper_wire	create:crushing	create	M-04	REJECT	{'REJECT': 1}	copper wire crushing is a within-Create deepening only; it earns no new pillar. No value as a weave-ledger entry.
1	False	create_new_age	create_new_age:energising method (as a gate)	create_new_age:energising	aeronautics	M-05	ACCEPT	{'ACCEPT': 1}	advanced airship drive components — electric motors or a high-tier propulsion controller — are built in the Energiser; a
1	False	create_new_age	create_new_age circuits (blank_circuit / copper_circuit)	ars_nouveau:imbuement or enchanting_apparatus	magic	M-10	REJECT	{'REJECT': 1}	Ars Nouveau is organic/nature-magic; "circuit as arcane reagent" clashes hard with that aesthetic. Iron's Spellbooks is 
1	False	create_new_age	create_new_age FE generation (generator_coil / motors)	createaddition:charging	magic	M-17	REJECT	{'REJECT': 1}	M-17 rides createaddition:charging, which is Create Addition's method — not create_new_age's. CNA's contribution is gene
1	False	create_new_age	create_new_age:energising (sequenced-assembly of circuits → magic keystone)	create:sequenced_assembly + create_new_age:energising	magic	M-06	REJECT	{'REJECT': 1}	while an "energised arcane core" deep-chain is not inherently impossible, the magic mods in this pack (Ars Nouveau, Iron
1	False	createaddition	createaddition:charging method + createaddition:tesla_coil (FE-charging infrastructure)	createaddition:charging → irons_spellbooks magic gear (charged focuses / spell items)	magic	M-17	ACCEPT	{'ACCEPT': 1}	A tesla coil is a mage's best friend — charging a spell focus through the electric tier bonds Create's energy layer to I
1	False	createaddition	irons_spellbooks / ars_nouveau FE-chargeable items (spell foci, arcane batteries, wands with FE capacity)	createaddition:charging — the tesla coil or charging station powers magic gear from the Create electrical grid	magic	M-17	ACCEPT	{'ACCEPT': 1}	wiring your arcane focus into the Create power grid to charge it up is exactly the kind of tech-meets-magic seam the pac
1	False	createaddition	farmed seeds / crops → createaddition:seed_oil → createaddition:liquid_burning for FE generation	M-12 processing-chain pull — agriculture feeds the energy supply line	survival	M-12	ACCEPT	{'ACCEPT': 1}	surplus harvest goes into the seed press for engine oil; farming the land keeps the factory running — the food economy a
1	False	createaddition	createaddition:biomass / seed_oil	M-09 luxury good→coin — processed bio-fuels as a sellable commodity	economy	M-09	REJECT	{'REJECT': 1}	biomass/seed_oil are industrial fuels, not luxury goods; M-09 is for high-effort consumables (wine, cheese, baked goods)
1	False	createimmersivetacz	createimmersivetacz:gunpowder_bucket / nitropowder_bucket (fluid gunpowder)	occultism:ritual or ars_nouveau:imbuement as explosive reagent	magic	M-10	REJECT	{'REJECT': 1}	fluid gunpowder as a magic reagent clashes in tone — Occultism/Ars deals in essences, spirits, and source gems, not nitr
1	False	createimmersivetacz	createimmersivetacz:primer (andesite-alloy + small brass, everyday component)	create:crushing (hypothetical recycle)	create	M-04	REJECT	{'REJECT': 1}	primers are mid-chain intermediates, not decoration — M-04 is the deco-recycle motif, not a general intermediate-salvage
1	False	createimmersivetacz	createimmersivetacz: cannon-grade components (createimmersivetacz:grenade_casing / 40mmhe_casing)	createbigcannons ammo pipeline (createbigcannons:cartridge_assembly)	aeronautics	M-06	REJECT	{'REJECT': 1}	routes an ammo case into CBC's cartridge assembly — thematically fine (both are ordnance), but this would bridge TACZ co
1	False	createimmersivetacz	createimmersivetacz:nitropowder_bucket (nitropowder fluid)	tfmg:distillation	create	M-13	REJECT	{'REJECT': 1}	nitropowder is already a Create-internal fluid produced by the mod's own mixing chain (it IS the Create output, not a ra
1	False	createimmersivetacz	createimmersivetacz:gun_barrel / firing_mechanism	create:sequenced_assembly	create	M-06	REJECT	{'REJECT': 1}	the mod already uses create:sequenced_assembly (confirmed in made-by methods); routing more parts through sequenced_asse
1	False	createmechanicalcompanion	createmechanicalcompanion:mechanical_wolf_link (the equip-to-summon item, endgame)	ars_nouveau:imbuement or ars_nouveau:enchanting_apparatus	magic	M-10	REJECT	{'REJECT': 1}	the Mechanical Wolf is explicitly a clockwork construct of brass, netherite, and precision casings — arcane infusion of 
1	False	createmechanicalcompanion	createmechanicalcompanion:optical_sensor (mid-tier module, precision-crafted)	create_new_age:energising	create	M-06	REJECT	{'REJECT': 1}	the optical_sensor is already built via create:sandpaper_polishing + sequenced_assembly (inbound weaves exist). Routing 
1	False	createmechanicalcompanion	createmechanicalcompanion:mechanical_wolf_link (wearable companion-summoner)	numismatics — selling or commissioning a mechanical pet as a luxury trade good	economy	M-09	REJECT	{'REJECT': 1}	M-09 is for *consumable* luxury goods (wine, cheese, processed food). A durable endgame companion item is not consumed i
1	False	createmetalwork	createmetalwork:molten_<metal> fluids (molten iron, brass, netherite, steel, etc.) via crushed ore processing	numismatics mint (coin from processed scarce metal)	economy	M-08	ACCEPT	{'ACCEPT': 1}	Metalwork's melt-and-cast pipeline is the highest-yield ore path in the pack — refining regional scarce metals through i
1	False	createmetalwork	createmetalwork c:crushed_raw_materials/palladium (and other magic-adjacent metals: osmium, quicksilver, etc.)	create:crushing → ars_nouveau:imbuement or occultism:spirit_fire	magic	M-10	ACCEPT	{'ACCEPT': 1}	crushed palladium (Galosphere's metal, already tagged by Metalwork) and quicksilver are the kind of rare metallic dusts 
1	False	createmetalwork	createmetalwork:molten_steel_bucket (high-tier alloy, endgame)	createbigcannons:melting (CBC's own melt path)	aeronautics		REJECT	{'REJECT': 1}	Metalwork and CBC both handle molten metals but through different fluid systems; cross-mod molten-fluid compatibility is
1	False	createmetalwork	createmetalwork:crushed_andesite (everyday byproduct)	create:crushing recycle	create	M-04	REJECT	{'REJECT': 1}	crushed andesite is already an internal Create byproduct (andesite alloy path). Adding it here is a within-Create deepen
1	False	createmetalwork	createmetalwork processed metals (molten_<scarce_metal> fluids / cast ingots of regional rarities)	numismatics coin mint — refined molten output of scarce regional ores becomes natural mint feedstock	economy	M-08	ACCEPT	{'ACCEPT': 1}	you went to the trouble of crushing, melting, and casting that ore — of course the coin forge wants the refined metal, n
1	False	createmetalwork	createmetalwork:crushed_raw_materials/* (magic-mod ores — occultism/galosphere)	create:crushing → create:mixing (melt) — doubles magic-mod metal ores through the same pipeline	magic	M-03	REJECT	{'REJECT': 1}	this is a valid ore-doubling benefit but stays entirely within the Create pillar (M-03 is Create↔any); it doesn't add a 
1	False	createnuclear	createnuclear:uranium_ingot / c:raw_materials/uranium (scarce regional ore, 3 biome-modifier worldgen, deep Create refining chain)	create:crushing → create:mixing/pressing → numismatics mint	economy	M-08	ACCEPT	{'ACCEPT': 1}	Refined uranium is the pack's hardest-won metal — a reactor-fuel specialist who processes and mints it holds the highest
1	False	createnuclear	createnuclear:lead_ingot / c:ingots/lead (byproduct of nuclear ore processing, mid-tier)	create:crushing → numismatics mint	economy	M-08	REJECT	{'REJECT': 1}	Lead is a smelting/crushing byproduct rather than a regionally-scarce primary ore; historically lead is a devalued/token
1	False	createnuclear	createnuclear reactor SU output (massive kinetic power source)	aeronautics engine intake (M-13 extension)	aeronautics	M-13	REJECT	{'REJECT': 1}	M-13 routes *fuel fluids* (TFMG diesel/gasoline/lubricant) into Aeronautics propulsion; Create Nuclear outputs *rotation
1	False	createnuclear	createnuclear:uranium (ore → dust → fuel, c:ores/uranium / c:ingots/uranium chain)	create:crushing → numismatics mint	economy	M-08	ACCEPT	{'ACCEPT': 1}	uranium is a scarce, regionally-concentrated ore that requires a full Create crushing/mixing/pressing chain before it be
1	False	createnuclear	createnuclear steel (c:ingots/steel, a shared alloy tag)	create:crushing (ore-doubling) → numismatics mint	economy	M-08	ACCEPT	{'ACCEPT': 1}	steel is a cross-mod shared alloy (c:ingots/steel) — once crushed and refined it is a premium trade good; a coin-from-pr
1	False	createnuclear	createnuclear:enriched recipe type (the enriched/soul-enriched campfire method)	enriched campfire/fire — route a foreign magic reagent through enrichment to produce a soul/spirit intermediate	magic	M-19	REJECT	{'REJECT': 1}	The enriched campfire is thematically a nuclear/radioactive process (enriching uranium), not a soul-fire method even tho
1	False	createnuclear	createnuclear radiation hazard / anti-radiation armor	numismatics sell (hazmat suits as specialty goods)	economy	M-09	REJECT	{'REJECT': 1}	Anti-radiation armor is a functional necessity near the reactor, not a luxury good — players acquire it to protect thems
1	False	createoreexcavation	createoreexcavation vein-table outputs (scarce regional ores — any metal the vein table is configured to produce)	numismatics coin (processed scarce metal → mint)	economy	M-08	ACCEPT	{'ACCEPT': 1}	infinite-but-slow ore veins are the pack's late-game scarcity lever; configuring coin-grade metals (thorium, palladium, 
1	False	createoreexcavation	createoreexcavation:vein_finder (mid-tier exploration tool)	ars_nouveau:imbuement to create a magically-attuned vein scanner	magic	M-10	REJECT	{'REJECT': 1}	the Vein Finder is a rotational/kinetic instrument — it uses SU and chunk data, not arcane attunement. Infusing it in an
1	False	createoreexcavation	createoreexcavation:diamond_drill / netherite_drill (high-tier drill-head)	create_new_age:energising (electrify the drill for higher yield)	create	M-17	REJECT	{'REJECT': 1}	M-17 is "FE charges a magic focus/tool". Electrifying a drill head is thematically adjacent but this would be a within-C
1	False	createoreexcavation	createoreexcavation:extractor (fluid vein extraction)	tfmg:distillation (refine extracted crude/fluid veins into TFMG fuels)	aeronautics	M-13	ACCEPT	{'ACCEPT': 1}	fluid veins can be configured for crude oil or similar; the Extractor is the infinite-slow faucet, TFMG distillation is 
1	True	createoreexcavation	vein-table ore output (scarce/regional coin-grade metals)	createoreexcavation:vein → create:crushing → numismatics mint	economy	M-08	ACCEPT	{'ACCEPT': 1}	the late-game answer to "ores run out" doubles as the coin faucet — a Drilling Machine in the right region grinds infini
1	True	createoreexcavation	Extractor infinite-fluid output (if a propulsion fuel fluid is added as a vein/reservoir)	createoreexcavation:extracting → Aeronautics engine intake	aeronautics	M-13	REJECT	{'REJECT': 1}	balance/red-team — infinite-fluid reservoirs are deliberately the *uncapped* faucet; feeding a free-flowing fuel reservo
1	False	createpickywheels	createpickywheels biome-gated water wheel (requires River biome)	survival biome placement — building a Create base near a river is a survival-layer constraint	survival	M-01	REJECT	{'REJECT': 1}	the biome-gating is a behavioral rule, not a recipe-type route. There is no method the biome-gate "runs through" and no 
1	False	deeperdarker	deeperdarker:heart_of_the_deep (boss drop — Warden, rare endgame)	ars_nouveau:imbuement	magic	M-10	ACCEPT	{'ACCEPT': 1}	The Warden's heart carries a resonance that the Enchanting Apparatus can't ignore — imbuement unlocks an arcane reagent 
1	False	deeperdarker	deeperdarker:warden_carapace / sculk_bone (mid-tier Otherside drops)	occultism:ritual	magic	M-02	REJECT	{'REJECT': 1}	soul_dust + heart_of_the_deep already cover the magic vector with two clean, distinct power-tiered anchors (everyday M-1
1	True	deeperdarker	deeperdarker gloomslate / sculk_stone block families (deco, large quantity)	create:crushing	create	M-04	ACCEPT	{'ACCEPT': 2}	Gloomslate crushes back to gravel and a sliver of XP — builders who hollow out the Otherside get something back; already
1	True	deeperdarker	deeperdarker:soul_dust / soul_crystal	create:haunting (Create's soul-fire)	create	M-19	ACCEPT	{'ACCEPT': 1}	Create's own soul-fire haunting is the *native Create→occult* bridge — running deep-dark soul matter through haunting is
1	True	deeperdarker	deeperdarker:heart_of_the_deep	a complex Create/aeronautics recipe gated on the heart (boss-key)	create	M-15	ACCEPT	{'ACCEPT': 1}	a rare Warden drop is the ideal DESIGN boss-key — gate a flagship tech recipe behind the heart so the Ancient City raid 
1	True	deeperdarker	deeperdarker:soul_elytra (boost-capable elytra)	aileron's elytra rebalance / aeronautics framing	aeronautics		REJECT	{'REJECT': 1}	no-motif and not authorable as a *material-through-method* weave — it's already an elytra-upgrade craft in-mod, and the 
1	True	deeperdarker	deeperdarker soul materials	numismatics vendor/price	economy	M-09	REJECT	{'REJECT': 1}	redundant + weaker — soul matter's strong home is magic (M-11/M-19 above). Also selling raw dangerous-dimension drops fo
1	False	deeperdarker	deeperdarker:heart_of_the_deep	occultism:ritual or ars_nouveau:imbuement	magic	M-02	ACCEPT	{'ACCEPT': 1}	the Warden's Heart is a rare boss drop — the exact tier that earns a boss-key role; routing it through a major ritual or
1	False	deeperdarker	deeperdarker:sculk_stone / gloomslate block families	create:crushing	create	M-04	ACCEPT	{'ACCEPT': 1}	sculk-stone and gloomslate are just stone; the crusher already handles them (inbound create:crushing exists); the lossy-
1	False	deeperdarker	deeperdarker:warden_carapace / sculk_bone	numismatics sell	economy	M-09	REJECT	{'REJECT': 1}	Otherside materials are already claimed for magic (M-11/M-02 above); giving them a coin route too creates a split-owners
1	False	dndesires	pack crops / survival drops (any belt-fed item)	dndesires:freezing / dndesires:seething / dndesires:sanding fan methods	survival	M-12	ACCEPT	{'ACCEPT': 1}	The freeze-sail and seething-sail are Create's food-prep line — chilling fruit into sorbet intermediates, or heat-blasti
1	False	dndesires	dndesires:chocolate_milkshake / glowberry_milkshake (finished fan-processed food items)	numismatics sell — processed Create-adjacent food is a sellable luxury good	economy	M-09	ACCEPT	{'ACCEPT': 1}	a milkshake churned out of the industrial fan belt is a novelty luxury; selling Create-processed sweets turns the factor
1	False	dndesires	crops/drops from survival mods (berries, milk, seasonal produce)	dndesires:freezing / dndesires:seething fan sails — fan-process foreign crop inputs as a prep step (freeze-dry, heat-treat) before use in other recipes	survival	M-12	ACCEPT	{'ACCEPT': 1}	the pack's farm produce passes through Create-powered catalyst sails for preservation and prep — survival's raw ingredie
1	False	drones	drones:wood_rotor	any complex method	create	M-05	REJECT	{'REJECT': 1}	hard guardrail — wood_rotor is the starter/everyday tier; gating it behind a machine would block basic drone access; kee
1	False	dungeons-and-taverns-v4.4.4	tavern cartographer villager trade	numismatics / M-21	economy	M-21	REJECT	{'REJECT': 1}	M-21 is provisional and maintainer leans no; the tie-in is also indirect (vanilla emerald trades, not Numismatics direct
1	False	dungeons-and-taverns-v4.4.4	trial-key / ominous-trial-key loot	numismatics bounty / M-14	economy	M-14	REJECT	{'REJECT': 1}	M-14 is provisional; the keys are vanilla items not unique to this mod and any bounty edit would live on the key item it
1	False	dungeons_arise_seven_seas	naval structures (aesthetic / thematic)	aeronautics pillar — ships rhyme with airships	aeronautics		REJECT	{'REJECT': 1}	the structures are static worldgen, not functional vessels; a thematic "ships↔airships" edge has no in-game mechanic, no
1	False	dynamictreesplus	dynamictreesplus:mushroom_branch / cactus_branch	create:crushing	create	M-04	REJECT	{'REJECT': 1}	branches are essentially stem/wood byproducts; crushing them recycles to gravel/dust with no useful output that isn't al
1	False	endrem	endrem:guardian_eye	occultism:spirit_fire (guardian scale/shard transmuted to the eye)	magic	M-02	ACCEPT	{'ACCEPT': 1}	a guardian's dropped essence, spirit-fired into an eye that gazes underwater — mob-drop reagent converted by spirit into
1	False	endrem	endrem:magical_eye / endrem:old_eye / remaining common eyes	any complex method	create	M-06	REJECT	{'REJECT': 1}	the exploration gate is the whole design of this mod; providing craft routes for more than 1-2 of the 16 eyes trivialize
1	False	endrem	endrem:guardian_eye	create:sequenced_assembly	create	M-06	REJECT	{'REJECT': 1}	same tone concern — the guardian eye is thematically aquatic/elder-guardian lore, not a manufactured part; and making ev
1	False	enhancedcelestials	enhancedcelestials:space_moss_block	ars_nouveau:imbuement (source-gem catalyst)	magic	M-10	ACCEPT	{'ACCEPT': 1}	moss that fell from space holds latent celestial energy; imbuing it with source extracts a faint astral reagent — ambien
1	False	enhancedcelestials	enhancedcelestials:space_moss_block	numismatics sell	economy	M-09	REJECT	{'REJECT': 1}	space_moss is ambient worldgen filler with no processing behind it; M-09 is for high-effort consumables; raw sell of amb
1	False	enhancedcelestials	Harvest Moon event (faster growth)	M-16 seasonal-reagent — a crop harvestable only during a Harvest Moon feeds a Create/magic method	create	M-16	REJECT	{'REJECT': 1}	The Harvest Moon accelerates growth globally (a buff modifier), not a new item drop. There is no Harvest Moon-specific m
1	False	expandeddelight	expandeddelight:cranberry / sweet_potato (seasonal crops)	create:milling or farmersdelight:cooking → numismatics sell	create	M-16	REJECT	{'REJECT': 1}	M-16 is valid in principle (season-gated crop) but the Serene Seasons tie here is incidental — these crops aren't confir
1	True	expandeddelight	expandeddelight apple/berry juices (Juicer output)	numismatics sell	economy	M-09	REJECT	{'REJECT': 1, 'ACCEPT': 1}	The cheese wheels already cover the economy sell vector for this mod; adding juice as a second M-09 is redundant and dil
1	True	expandeddelight	expandeddelight:cinnamon_log / cinnamon (dust)	create:milling	create	M-12	ACCEPT	{'ACCEPT': 1}	grind cinnamon bark/sticks to cinnamon dust in a Millstone the way the spine grinds every seasoning reagent; ties the ne
1	True	expandeddelight	expandeddelight:salt (dust)	numismatics vendor/price	economy	M-09	REJECT	{'REJECT': 1}	salt as a traded luxury over-values an everyday seasoning into a currency-grindable commodity (anti-emergent: a salt min
1	True	expandeddelight	expandeddelight new crops (chili/peanut/etc.)	ars_nouveau agronomic sourcelink	magic	M-02	REJECT	{'REJECT': 1}	generic crop growth feeding a Source battery is the diffuse "any crop → Source" non-edge that belongs to ars itself (its
1	False	expandeddelight	expandeddelight:cheese_wheel	ars_nouveau:imbuement	magic	M-10	REJECT	{'REJECT': 1}	infusing cheese into a magic reagent is thematically incoherent — dairy and arcane infusion don't share a tone; M-10 war
1	False	expandeddelight	expandeddelight:asparagus / chili_pepper (seasonal crops)	create:milling or farmersdelight:cutting	create	M-12	REJECT	{'REJECT': 1}	these crops already route through farmersdelight:cooking/cutting (existing inbound weave); adding a second Create millin
1	False	extradelight	grain crops (c:crops/wheat etc.)	create:milling → extradelight:oven/dough_shaping	create	M-12	ACCEPT	{'ACCEPT': 1}	the mill grinds flour that feeds the bakery — the Create spine runs through the kitchen
1	False	extradelight	coffee beans (c:crops/coffee)	create:milling → extradelight:oven/mixing_bowl	create	M-12	ACCEPT	{'ACCEPT': 1}	industrial coffee grinding before brewing is exactly what the mill is for
1	False	extradelight	extradelight feast dishes (high-effort cooked products)	numismatics vendor price	economy	M-09	ACCEPT	{'ACCEPT': 1}	a feast platter is the colony chef's premium trade good; cook effort → coin is coherent
1	False	extradelight	extradelight:apple_cider / fruit syrups (fluid outputs)	create:compacting / numismatics vendor	economy	M-09	ACCEPT	{'ACCEPT': 1}	bottled cider is a sellable luxury — the same chain Alcohol Industry rides
1	False	extradelight	extradelight:drying_rack outputs (dried herbs/fruits)	ars_nouveau:imbuement (herb-infusion)	magic	M-10	REJECT	{'REJECT': 1}	dried culinary herbs going into arcane infusion is a stretch — the tone is domestic-kitchen, not apothecary; theme-fit f
1	True	farm_and_charm	farm_and_charm grains (barley / oat)	create:milling	create	M-12	ACCEPT	{'ACCEPT': 1}	route barley/oat through a Create Millstone → flour, alongside the in-mod crafting_bowl path — the canonical grain-mod →
1	True	farm_and_charm	farm_and_charm husbandry surplus (meat / eggs / butter)	minecolonies food supply (restaurant / zero_waste intake) OR numismatics price	economy	M-09	ACCEPT	{'ACCEPT': 1}	the "feed-for-more-drops" loop is a production-for-trade engine by design — a rancher's surplus eggs/meat/butter feed a 
1	True	farm_and_charm	farm_and_charm:butter / dairy	occultism:spirit_fire or ars imbuement	magic	M-11	REJECT	{'REJECT': 1}	no coherent reason a churned butter is a magic reagent; forced organic→magic edge with tone clash (wholesome farmstead v
1	False	farm_and_charm	farm_and_charm:fertilized_farmland	any Create or magic method	create		REJECT	{'REJECT': 1}	fertilized farmland is a placed block, not a material; no method routes a block type — no-motif, leave alone.
1	False	formationsnether	structure loot tables (Nether altar/chest loot)	loot-table edit (not a recipe method)	economy	M-14	REJECT	{'REJECT': 1}	The only surface is the loot table, not a recipe-type method. Routing coin into a loot table is a balancing/design edit,
1	False	friendsandfoes	copper deco blocks (copper_button, lightning_rod variants — oxidized/waxed set)	create:crushing	create	M-04	ACCEPT	{'ACCEPT': 1}	Copper buttons and decorative rods crush back to copper nuggets and scrap — the oxidation series just means you're recyc
1	False	friendsandfoes	Wildfire / Illusioner drops (hostile loot)	occultism:spirit_fire	magic	M-02	REJECT	{'REJECT': 1}	The mod's loot=yes flag covers these mobs but the dossier doesn't identify unique named drops from Wildfire/Illusioner (
1	False	friendsandfoes	friendsandfoes:crab_claw	ars_nouveau:imbuement	magic	M-10	REJECT	{'REJECT': 1}	M-02 (spirit_fire) already covers the mob-drop→magic route for crab_claw and is a cleaner single connection; stacking bo
1	False	immersive_armors	immersive_armors:heavy_chestplate/helmet/leggings/boots + immersive_armors Steampunk set pieces	create:pressing (metal plates as recipe inputs) + create:mechanical_crafting (assembly)	create	M-05	ACCEPT	{'ACCEPT': 1}	Plate-forged heavy armor and steam-punk gear demand workshop fabrication — Create-pressed iron/steel sheets gate the set
1	False	immersive_armors	immersive_armors:divine_chestplate/helmet/leggings/boots (set bonus: blocks one hit per minute — a magical passive)	ars_nouveau:enchanting_apparatus (armor_upgrade step to imbue the divine passive)	magic	M-10	ACCEPT	{'ACCEPT': 1}	A divine set's once-per-minute aegis isn't forged — it's blessed; finishing the Divine armor through the enchanting appa
1	False	immersive_armors	immersive_armors:heavy_chestplate set (Heavy / Steampunk tier)	create:pressing (plates) + create:mechanical_crafting (assembly)	create	M-05	ACCEPT	{'ACCEPT': 1}	the Steampunk set is thematically a Create product — pressing iron into plates then assembling in a mechanical crafter m
1	False	immersive_armors	immersive_armors:divine_chestplate set	ars_nouveau:enchanting_apparatus	magic	M-10	ACCEPT	{'ACCEPT': 1}	"Divine" armor completing through arcane apparatus infusion is tone-perfect; an ars enchanting step for the celestially-
1	False	immersive_armors	immersive_armors:bone_chestplate set (Bone tier)	create:pressing / mechanical_crafting	create	M-05	REJECT	{'REJECT': 1}	Bone set is described as mid-tier mobility/vanilla-flavored; gating a basic mob-drop armor set behind a Create press is 
1	False	immersive_armors	immersive_armors:emerald_chestplate set	numismatics sell	economy	M-09	REJECT	{'REJECT': 1}	Armor sells thinly — the dossier explicitly flags this. Players keep combat gear; an emerald set as a luxury trade good 
1	False	modulargolems	boss-tier metals (dragonsteel — Ice&Fire fire/ice/lightning dragon; cursium — Cataclysm Koroleth/Ender Guardian)	modulargolems:golem_assemble	survival	M-15	ACCEPT	{'ACCEPT': 1}	you kill a fire dragon, you get dragonsteel, you build a fire-immune combat golem — the construct is the boss-progressio
1	False	modulargolems	Ars Nouveau source_gem or Occultism otherstone	ars_nouveau:imbuement / occultism:ritual into golem_add_slot upgrade	magic	M-10	REJECT	{'REJECT': 1}	modulargolems is explicitly an industrial/metallic construct mod; adding arcane infusion on top of the existing Create-a
1	False	modulargolems	golem entity loot (loot=yes)	occultism:spirit_fire / numismatics bounty	magic	M-02	REJECT	{'REJECT': 1}	loot=yes in the digest likely references the golem_workbench block's loot table, not a meaningful mob-drop stream — asse
1	False	modulargolems	TFMG steel (via TFMG industrial chain) as golem-body material	modulargolems:golem_assemble	create		REJECT	{'REJECT': 1}	TFMG steel feeding golem bodies deepens the Create spine but creates no cross-pillar edge — both mods are Create-anchore
1	False	modulargolems	golem body (boss-metal tier — dragonsteel, cursium)	modulargolems:golem_assemble consuming boss-drop material	survival	M-02	ACCEPT	{'ACCEPT': 1}	the best golem shells are forged from what you pry out of Cataclysm and Ice&Fire bosses — golemancy rewards exploration-
1	False	modulargolems	golem slot-upgrade items	occultism:spirit_fire / ars_nouveau:imbuement as an arcane tempering step	magic	M-10	ACCEPT	{'ACCEPT': 1}	a golem's empty upgrade slot is activated by arcane infusion — the construct bridges Create's mechanical assembly and th
1	False	modulargolems	standard golem body (iron/copper tier)	create:sequenced_assembly	create	M-06	REJECT	{'REJECT': 1}	dossier already confirms create:sequenced_assembly is in golem assembly (existing inbound weave); this would be a weave 
1	False	modulargolems	golem body (iron/gold tier)	numismatics coin as unlock fee	economy	M-21	REJECT	{'REJECT': 1}	M-21 is provisional and leans no; buying golem frames for coins feels arbitrary — there's no in-world logic for why a cr
1	False	mowziesmobs	mowziesmobs:earthrend_gauntlet (Wroughtnaut drop)	create:sequenced_assembly (gate input)	create	M-06	ACCEPT	{'ACCEPT': 1}	The earthrend axe is forged wrought-iron animated by elemental force — feeding it (or a shard derived from it) into a se
1	False	mowziesmobs	mowziesmobs:elokosa_paw (crescent / gibbous / full variants)	ars_nouveau:imbuement OR magic method	magic	M-22	ACCEPT	{'ACCEPT': 1}	The Elokosa's paw variants are named directly for moon phases (crescent, half, gibbous, full); routing them as lunar-gat
1	False	mowziesmobs	mowziesmobs:blowgun / dart	create:crushing OR numismatics sell	create	M-09	REJECT	{'REJECT': 1}	The blowgun is a weapon used for combat; treating it as a trade-good luxury or crush-recycling target trivializes a uniq
1	False	mowziesmobs	Grottol (ore-eating mob / diamond drop)	numismatics bounty (M-14)	economy	M-14	REJECT	{'REJECT': 1}	M-14 is provisional and the maintainer leans no. The Grottol's diamond emission is already an in-world economy bonus (di
1	False	mowziesmobs	mowziesmobs:earthrend_gauntlet (endgame Wroughtnaut boss drop)	create:sequenced_assembly as boss-key gate	create	M-15	ACCEPT	{'ACCEPT': 1}	the Wroughtnaut is an iron-golem-scale forge construct; its gauntlet as a key component in a high-tier Create mechanical
1	False	mowziesmobs	mowziesmobs:elokosa_paw_full / elokosa_paw_crescent (moon-phase drops, mid/endgame)	ars_nouveau:imbuement or occultism:ritual as moon-gated reagent	magic	M-22	ACCEPT	{'ACCEPT': 1}	the Elokosa is a moon-phase shapeshifter; its paw in the phase it was caught resonates with any moon-attuned ritual — th
1	False	mowziesmobs	mowziesmobs:ice_crystal (endgame, non-renewable boss drop)	occultism:spirit_fire → frost essence	magic	M-11	REJECT	{'REJECT': 1}	ice_crystal is already used as a boss-key gate (M-15 above). Repurposing it as a consumable ritual reagent burns a uniqu
1	False	mushroomquest	rare/mythical mushroom caps (e.g. agarikon, mythical-tier caps)	farmersdelight:cooking OR extradelight:oven / melting_pot	create	M-12	ACCEPT	{'ACCEPT': 1}	Foraged mushrooms are raw ingredients crying out for a cooking station; running the rare caps through Farmer's Delight p
1	False	mushroomquest	deadly / effect-bearing mushroom caps (poisonous/hallucinogenic tiers)	occultism:spirit_fire	magic	M-11	ACCEPT	{'ACCEPT': 1}	Mushrooms with toxic or mind-altering effects already straddle the line between alchemy and poison; transmuting them thr
1	False	mushroomquest	mushroomquest:resin_orb	ars_nouveau:imbuement	magic	M-10	REJECT	{'REJECT': 1}	Resin orb is a worldgen/atmospheric block item; the dossier doesn't identify it as a drops-type reagent or flag it as ef
1	False	mushroomquest	mushroomquest edible/effect mushrooms (common to mid-tier caps: bay_bolete, autumn_skullcap, artist_conk, etc.)	farmersdelight:cooking + extradelight:oven or mixing_bowl	create	M-12	ACCEPT	{'ACCEPT': 1}	mushrooms are a natural cooking input; routing them through Farmer's Delight cooking or ExtraDelight's oven into prepare
1	False	mushroomquest	mushroomquest rare / mythical mushroom caps (agarikon, etc.)	numismatics sell	economy	M-09	ACCEPT	{'ACCEPT': 1}	rare foraged mushrooms with exotic effects are the exact shape of a luxury good — dangerous to find, small stack, high c
1	False	mushroomquest	mushroomquest deadly / mythical mushroom caps	occultism:spirit_fire or ars_nouveau:imbuement	magic	M-11	REJECT	{'REJECT': 1}	The food/economy double-anchor (M-12 + M-09) above already gives mushroomquest two pillars. Adding a magic reagent route
1	False	occultengineering	occultengineering:sterling_silver (ingot, Create-processed scarcity)	create:crushing → numismatics vendor/mint	economy	M-08	ACCEPT	{'ACCEPT': 1}	occult alloy refined through the industrial spine enters circulation as a premium coin metal
1	False	occultengineering	occultengineering:spirit_solution	ars_nouveau:imbuement (arcane conversion)	magic	M-10	REJECT	{'REJECT': 1}	spirit_solution is reserved as the Occultism-side intermediate (M-11); cross-wiring it into Ars imbuement would double-s
1	False	oceansdelight	oceansdelight:elder_guardian_roll / fugu_slice / cooked_stuffed_squid (high-effort, rare-ingredient seafood)	numismatics sell	economy	M-09	ACCEPT	{'ACCEPT': 1}	Elder guardian rolls are the kind of delicacy a coastal specialist can sell inland — seafood becomes a regional trade go
1	True	oceansdelight	oceansdelight elder_guardian_roll / fugu_slice (finished dishes)	numismatics vendor/price	economy	M-09	ACCEPT	{'ACCEPT': 1}	a coastal cook's showpieces — an elder-guardian roll costs a monument raid, fugu costs nerve — so they're high-effort lu
1	True	oceansdelight	oceansdelight raw seafood intermediates (cut_tentacles, fish fillets)	create:cutting / farmersdelight:cutting	create	M-12	REJECT	{'REJECT': 1}	it ALREADY routes through farmersdelight:cutting (inbound made-by) — that's an intra-survival food tie, not a Create pil
1	True	oceansdelight	oceansdelight:fugu_slice (poison delicacy)	occultism:spirit_fire / ars imbuement → poison essence	magic	M-11	REJECT	{'REJECT': 1}	forced — fugu's poison is a *food* gimmick, not a reagent; routing a prepared sashimi into an arcane ritual clashes (sol
1	True	oceansdelight	high-effort seafood dishes (elder_guardian_roll, cabbage_wrapped_elder_guardian, fugu_roll/fugu_slice, bowl_of_guardian_soup)	numismatics sell/price	economy	M-09	ACCEPT	{'ACCEPT': 1}	a coastal cook far from the spawn ocean turns a risky elder-guardian/pufferfish dish into coin — the seaside specialist'
1	True	oceansdelight	everyday cod/salmon/sea-pickle dishes (braised_sea_pickle, cooked_stuffed_cod, baked_tentacle_on_a_stick)	numismatics sell	economy	M-09	REJECT	{'REJECT': 1}	balance — these are cheap, spammable FD plates off common drops; pricing them makes seafood a flat money printer and und
1	True	oceansdelight	raw guardian flesh / cut_tentacles	numismatics sell of the raw drop	economy	M-12	REJECT	{'REJECT': 1}	theme — selling raw mob flesh for coin is the generic "vendor-trash" pattern the pack avoids; the value should come from
1	False	rottencreatures	rottencreatures:frozen_rotten_flesh (Frostbitten zombie drop)	occultism:spirit_fire	magic	M-11	ACCEPT	{'ACCEPT': 1}	Flesh from a zombie frozen in powder snow carries a cold-touched essence; burning it in spirit-fire cleanses the necroti
1	False	rottencreatures	rottencreatures:corrupted_wart (generic undead-variant drop)	ars_nouveau:crush	magic	M-02	ACCEPT	{'ACCEPT': 1}	Corrupted wart is exactly the kind of twisted organic byproduct an Ars Nouveau crush processes into a raw magical dust o
1	False	rottencreatures	rottencreatures:magma_rotten_flesh (magma-variant zombie drop)	occultism:spirit_fire	magic	M-11	ACCEPT	{'ACCEPT': 1}	Flesh infused with magma heat and the Immortal's lightning are already halfway to a fire/lightning spirit; spirit-fire i
1	False	rottencreatures	rottencreatures mob heads (decorative blocks)	create:crushing	create	M-04	REJECT	{'REJECT': 1}	Mob-head blocks are decorative trophies; crushing them back to bone meal / skull dust is technically M-04, but the dossi
1	False	rottencreatures	rottencreatures:treasure_chest (Dead Beard pirate loot block)	numismatics (M-09 luxury or M-14 bounty)	economy	M-09	REJECT	{'REJECT': 1}	The treasure_chest is a block that spawns with loot, not a tradeable consumable. Routing a loot-container block into the
1	False	rottencreatures	frozen_rotten_flesh (Frostbitten zombie drop — cold-biome variant)	occultism:spirit_fire transmutation into a cryomantic reagent	magic	M-11	ACCEPT	{'ACCEPT': 1}	undead flesh flash-frozen in powder snow carries spectral cold — spirit fire extracts that essence into an arcane cataly
1	False	rottencreatures	corrupted_wart (swamp-zombie drop)	ars_nouveau:crush — grinding corrupted_wart into a tainted powder used in Ars rituals	magic	M-02	ACCEPT	{'ACCEPT': 1}	the wart that blooms on swamp undead is already halfway magical; crushing it yields a hex-powder catalyst; the Swampy zo
1	False	rottencreatures	magma_rotten_flesh (Burned/magma zombie drop)	create:haunting — haunting magma flesh on a soul campfire yields an infused smoldering reagent	create	M-19	ACCEPT	{'ACCEPT': 1}	soul-fire doesn't just roast it — it coaxes the residual heat-spirit out; the Create haunting method gives mob combat a 
1	False	rottencreatures	mob heads (decorative: dead_beard/immortal/frostbitten etc.)	bountiful bounty board → numismatics payout — collect variant heads as bounty trophies paid in coin	economy	M-14	ACCEPT	{'ACCEPT': 1}	a pirate-captain's severed head is worth something — trophy hunters cash out at the bounty board; combat pays dividends 
1	False	rottencreatures	frozen_rotten_flesh / magma_rotten_flesh	create:crushing into byproducts (rotten dust + essence nugget)	create	M-02	REJECT	{'REJECT': 1}	M-19 haunting is the cleaner Create bridge for these biome-themed drops (soul-fire ≠ crushing mechanically); adding crus
1	False	samurai_dynasty	samurai_dynasty jade/ruby/onyx/aquamarine ores	create:crushing	create	M-03	ACCEPT	{'ACCEPT': 1}	Create's ore-doubling via crushing is the standard integration for any mod that adds ores; the gem ores (jade, ruby, ony
1	False	samurai_dynasty	samurai_dynasty:steel_block / steel ingots (c:ingots/steel)	create:crushing / create:mixing	create	M-03	ACCEPT	{'ACCEPT': 1}	Steel is an intermediate alloy; routing it through Create's mixing (or crushing ore → alloy) makes the Samurai Dynasty s
1	False	samurai_dynasty	samurai_dynasty spirit_stone blocks (decorative build set)	create:crushing	create	M-04	REJECT	{'REJECT': 1}	Spirit stone bricks are a culturally significant build palette (Shinto shrine aesthetic); recycling them to rubble via C
1	False	samurai_dynasty	katana / samurai weapon set	create:deploying (item_application upgrade) OR numismatics sell	create	M-20	REJECT	{'REJECT': 1}	The weapons are end-products of the mod's own progression (Yokai-kill upgrades); wrapping them in a Create deploy step o
1	False	samurai_dynasty	samurai_dynasty jade/ruby/onyx/aquamarine ores (c:block/ores/jade, etc.)	create:crushing	create	M-03	ACCEPT	{'ACCEPT': 1}	crushing gem ores for doubled yield is the standard Create ore treatment — jade/ruby/onyx/aquamarine all fit the pattern
1	False	sereneseasons	season_sensor redstone output	Create automation gating	create	M-05	REJECT	{'REJECT': 1}	M-16 (seasonal reagent / automation) already covers this more precisely; M-05 is for gating a mod's flagship item inside
1	False	sky_whale_ship	whale-structure loot	loot-table → aeronautics destination	aeronautics	M-15	ACCEPT	{'ACCEPT': 1}	sky whales are the natural destination for an Aeronautics airship expedition — seeding their loot with Create Aeronautic
1	False	sky_whale_ship	whale-structure loot	numismatics sell / bounty	economy	M-09	REJECT	{'REJECT': 1}	M-15 boss/destination loot is the cleaner primary anchor and loot tables carry only one focal role gracefully; adding a 
1	False	sky_whale_ship	sky_whale_ship loot chests	aeronautics (thematic destination — players fly ships up to board them)	create	M-15	ACCEPT	{'ACCEPT': 1}	sky whales are a natural airship destination; seeding their loot tables with a Create Aeronautics progression item (blue
1	False	sky_whale_ship	sky_whale_ship loot chests	numismatics coin drop	economy	M-09	REJECT	{'REJECT': 1}	coins-in-loot is logistically valid but weak as a second pillar — it adds to economy without giving sky_whale_ship any d
1	False	smokeleafindustries	smokeleafindustries:generator FE output	createaddition:charging (FE↔kinetic bridge)	create	M-17	ACCEPT	{'ACCEPT': 1}	the smokeleaf generator makes FE from burnable biomass; wiring it through Create Addition's FE↔kinetic conversion folds 
1	False	smokeleafindustries	strain seeds / buds	occultism:ritual / spirit_fire	magic	M-11	REJECT	{'REJECT': 1}	tone clash — ritual-transmuting hemp into occult essences reads as thematic nonsense (psychoactive crop ≠ arcane materia
1	False	smokeleafindustries	smokeleaf generator (FE output)	createaddition:charging bridge (FE↔SU kinetic) — the generator's RF powers Create motors or vice versa, ending the isolated-FE-island problem	create	M-17	ACCEPT	{'ACCEPT': 1}	wire the grow-op's generator into Create's rotational network; the farm becomes a fuel source the tech spine can run on
1	False	smokeleafindustries	smokeleaf oil / extract (mid refined product)	create:mixing as a solvent/lubricant input for Create processes	create	M-12	REJECT	{'REJECT': 1}	the pack has TFMG lubricant reserved for M-13 aeronautics fuel; introducing a competing lubricant source risks reagent d
1	False	solonion	lunchbag→lunchbox upgrade	solonion:upgrade_food_container (existing method)	create	M-20	REJECT	{'REJECT': 1}	the upgrade_food_container recipe is vanilla-crafting; re-routing it through create:deploying / item_application would b
1	False	solonion	lunchbox food diversity score	numismatics economy incentive	economy	M-09	REJECT	{'REJECT': 1}	no material to price — the diversity score is a player stat, not a tradeable item; the economy link is entirely ambient 
1	False	solonion	lunchbox (mid-tier container)	create:mechanical_crafting	create	M-05	REJECT	{'REJECT': 1}	mid-tier container doesn't merit complex recipe gating — basic/everyday guardrail; only the golden_lunchbox (endgame) is
1	False	spawn	spawn:clam (various colour variants, obtained via casting_net_clam)	numismatics sell	economy	M-09	ACCEPT	{'ACCEPT': 1}	Coloured clam shells are rare enough to be a coastal specialty — a coastal-specialist crew member can sell premium shell
1	False	spawn	spawn seafood drops (crab, anglerfish, seal, sea cow) — already routed through farmersdelight:cooking/cutting	create:milling (crab shell → calcite/shell dust intermediate)	create	M-12	REJECT	{'REJECT': 1}	The farmersdelight:cooking/cutting inbound weave already grounds spawn's seafood in the food-processing web; adding a cr
1	False	spawn	clam meat / crab claw (mid seafood drops)	numismatics sell as exotic caught goods — aquatic catches sold for coin at a pier/market, giving ocean exploration an economic payoff	economy	M-09	ACCEPT	{'ACCEPT': 1}	a crab haul or a net-pulled pearl clam isn't just food — it's coin; seafood becomes the crew's most accessible trade com
1	False	spawn	raw crab / clam (everyday aquatic catch)	create:milling (shell meal / chitin powder) or create:pressing (clam juice / brine) as an intermediate for other recipes	create	M-12	ACCEPT	{'ACCEPT': 1}	crabs ground in a millstone yield chitin meal and shell grit — the ocean catch feeds the Create processing web as biolog
1	False	spawn	angler_fish (rare deep-ocean catch)	occultism:spirit_fire — angler bioluminescence transmuted into a light-magic reagent (thematic: deep creature of darkness → spirit component)	magic	M-11	REJECT	{'REJECT': 1}	while thematically playful, angler fish have no special item drop in the dossier; the drop would be a vanilla "fish" typ
1	False	spawn	spawn seafood (general)	createfisheryindustry:bait_trap — aquatic mob items as Create-mechanized bait	create	M-12	REJECT	{'REJECT': 1}	while the createfisheryindustry method exists in the palette, the connection is mechanical-overlap rather than pillar-cr
1	False	t_and_t	village / fort structure loot (chest items) + structure villagers	numismatics trade / sell economy seed	economy	M-21	ACCEPT	{'ACCEPT': 1}	the 16 biome-specific village variants are natural trade hubs — seeding their chest loot and resident villager trades to
1	False	t_and_t	pillager fort conquest	bountiful bounty board → numismatics payout	economy	M-14	REJECT	{'REJECT': 1}	the fort-conquest loop is a good M-14 candidate in principle but M-14 is already provisional; stacking two provisional-m
1	False	t_and_t	sail-ship / ocean structure loot	aeronautics destination	aeronautics	M-15	REJECT	{'REJECT': 1}	tone stretch — the sail-ship is a static worldgen structure, not an active aeronautics target; sky_whale_ship is the ded
1	False	tfmg	tfmg:fuel_can / tfmg:steel_ingot as high-effort trade goods	numismatics sell	economy	M-09	REJECT	{'REJECT': 1}	M-09 carries an ⚠ player-run-currency review caveat (0.9 economy update); beyond the flag, automation trivializes fuel/s
1	False	tfmg	TFMG Voltage/FE power grid	createaddition:charging → magic tool/focus charging	magic	M-17	REJECT	{'REJECT': 1}	tone clash — TFMG's industrial dieselpunk power grid (diesel generators, cables, transformers, smog) charging arcane foc
1	False	tfmg	TFMG combustion engine as Create kinetic source	create:sequenced_assembly	create	M-06	REJECT	{'REJECT': 1}	M-06 deepens Create complexity but cannot add a 2nd pillar — TFMG is already Create-anchored; routing through sequenced_
1	False	tfmg	tfmg:aluminum_ingot / plastic	numismatics sell	economy	M-08	REJECT	{'REJECT': 1}	steel is the flagship high-effort output and one economy weave on TFMG's processed metals is sufficient; aluminum and pl
1	False	tfmg	tfmg:sulfur / saltpeter (c:dusts)	ars_nouveau:imbuement	magic	M-10	REJECT	{'REJECT': 1}	sulfur and saltpeter have no thematic magic resonance; they are industrial chemistry inputs (gunpowder / fertilizer path
1	False	tide	tide fishing yields (generic)	bountiful board payout	economy	M-14	REJECT	{'REJECT': 1}	Rare-catch numismatics sale (M-09) already covers the economy vector cleanly; adding a second economy edge via M-14 boun
1	True	tide	tide season-locked catches (Serene Seasons-gated fish)	a season-gated input → Create/magic method	create	M-16	ACCEPT	{'ACCEPT': 1}	a fish you can only catch in one season, fed into a method, IS a seasonal reagent — M-16, which the design explicitly fl
1	True	tide	tide fish byproducts / trophies	create:crushing / milling → fishmeal fertilizer	create	M-12	ACCEPT	{'ACCEPT': 1}	crush trash-fish / fish scraps into fishmeal fertilizer (a real practice) — a Create-spine sink for the catch surplus th
1	True	tide	tide rod/bobber gear (consumes amethyst/diamond/lapis/ingots)	create:*	create		REJECT	{'REJECT': 1}	backwards-direction — this is tide *consuming* vanilla materials to craft its own gear (an inbound dependency), not tide
1	False	trailandtales_delight	cherry_cheese_pie / ancient_coffee / cherry_petal_tea (multi-step high-effort dishes)	numismatics sell / colony deliverable	economy	M-09	ACCEPT	{'ACCEPT': 1}	cherry cheese pie and ancient coffee are multi-step artisan goods — pricing them as Numismatics sell items or MineColoni
1	False	trailandtales_delight	lantern_fruit / pitcher_taro crops	create:milling	create	M-12	ACCEPT	{'ACCEPT': 1}	running Lantern Fruit or Pitcher Taro through a Create mill produces flour/paste intermediates that feed the mod's cooki
1	False	trailandtales_delight	curd_block / cheese_wheel (milk-fermented intermediate)	create:pressing	create	M-12	REJECT	{'REJECT': 1}	redundant with the milling ACCEPT above — two M-12 edges on the same mod for similar-tier ingredients bloats the graph w
1	False	trailandtales_delight	cooked_sniffer_egg / stuffed_sniffer_egg	occultism:spirit_fire	magic	M-11	REJECT	{'REJECT': 1}	tone clash — sniffer eggs are archaeological-whimsical not arcane; transmuting a cooked novelty food through spirit fire
1	False	trailandtales_delight	trailandtales_delight:cheese_wheel / cherry_cheese_pie / ancient_coffee	numismatics sell	economy	M-09	ACCEPT	{'ACCEPT': 1}	a hand-crafted cheese wheel or cherry cheese pie is a luxury food worth real coin at a colony market — multi-step archae
1	False	trailandtales_delight	trailandtales_delight:lantern_fruit (tagged item/foods/berry)	create:milling	create	M-12	ACCEPT	{'ACCEPT': 1}	lantern fruit milled into a glowing juice concentrate or lantern-dye intermediate — a sniffer-crop feedstock routed thro
1	False	trailandtales_delight	trailandtales_delight:cheese_wheel	create_cheese:maturing	create	M-12	REJECT	{'REJECT': 1}	the pack already has Create Cheese installed (create_cheese:maturing in methods palette) which owns the cheese-maturing 
1	False	trailandtales_delight	trailandtales_delight:cherry_petal_tea / ancient_coffee	ars_nouveau:imbuement	magic	M-10	REJECT	{'REJECT': 1}	tone clash — ancient-archaeology drinks fed into arcane imbuement feels forced; neither item has an arcane theme, and in
1	False	travelersbackpack	travelersbackpack:netherite / travelersbackpack:dragon / travelersbackpack:end (top-tier themed packs)	create:sequenced_assembly	create	M-06	ACCEPT	{'ACCEPT': 1}	the flagship endgame backpacks (netherite, dragon, end) are gated through a Create sequenced-assembly chain — reaching t
1	False	travelersbackpack	travelersbackpack:blank_upgrade / tank_upgrade (upgrade modules)	create:pressing	create	M-20	REJECT	{'REJECT': 1}	the upgrade modules are mid-tier functional components — threading them through create:pressing is plausible but thin (p
1	False	travelersbackpack	backpack_tank (portable fluid tank)	aeronautics / expedition logistics	aeronautics		REJECT	{'REJECT': 1}	no-motif — the portable fluid tank is thematically useful for airship expeditions (carry fuel, potions) but there is no 
1	False	travelersbackpack	travelersbackpack tank upgrade / backpack_upgrade tier (backpack_upgrade recipe type — advanced modules: extra tanks, blast-furnace, smelting upgrades)	create:pressing (pressed plates as component) + create:item_application (apply upgrade to base pack)	create	M-20	ACCEPT	{'ACCEPT': 1}	upgrade modules that slot into a backpack are exactly the light single-step apply-an-upgrade shape of M-20 (deploy-appli
1	False	travelersbackpack	travelersbackpack:backpack (fluid tanks — can hold any bucketable fluid including TFMG fuels)	fluid-carrier for Aeronautics propulsion fuel (TFMG diesel/gasoline)	aeronautics	M-13	REJECT	{'REJECT': 1}	The fluid-tank carrier overlap with M-13 (fuel → propulsion) is thematic, not a method-routing — the backpack doesn't pr
1	False	travelersbackpack	travelersbackpack themed mob-variant packs (dragon, netherite, ghast, etc.)	numismatics sell	economy	M-09	REJECT	{'REJECT': 1}	Themed cosmetic backpack variants are player-kept gear items, not consumables or luxury trade goods. The same armor-sell
1	True	trek-b0.6.1.1	chest loot	loot-table seeding (NOT a method-routing)	magic	M-02	REJECT	{'REJECT': 1}	no method to route a material through — trek owns no item and no recipe-type; "weaving" it is editing vanilla-block stru
1	False	undergroundworlds	undergroundworlds:spider_fang	ars_nouveau:imbuement	magic	M-02	REJECT	{'REJECT': 1}	spirit_fire is the tighter thematic fit (poison/curse → spirit); imbuement would duplicate the same sink with a blander 
1	False	undergroundworlds	temple_bricks / pyramid_bricks (block sets — chiseled, cracked, mossy variants)	create:crushing	create	M-04	ACCEPT	{'ACCEPT': 1}	Ancient stone yields gravel and a trickle of XP — a miner's consolation when remodeling a dungeon
1	False	undergroundworlds	undergroundworlds:desert_charm / antidote_flask (consumable charms)	numismatics sell	economy	M-09	REJECT	{'REJECT': 1}	charms are gear items, not consumable luxury goods — M-09 is for high-effort food/crafted consumables; selling combat ge
1	False	undergroundworlds	undergroundworlds Ashan drop (blindness-arrow source)	occultism:ritual	magic	M-02	REJECT	{'REJECT': 1}	Ashan is a mob with an arrow effect but no documented unique drop in the dossier beyond thematic flavor; spider_fang alr
1	True	undergroundworlds	undergroundworlds:spider_fang	bountiful board objective (kill Black Recluse / turn in fangs) → numismatics payout	economy	M-14	ACCEPT	{'ACCEPT': 1}	dungeon delvers post "clear the spider cave" bounties; the fang is the proof-of-kill the board pays out on.
1	True	undergroundworlds	undergroundworlds:quicksand	create:*	create		REJECT	{'REJECT': 1}	no-motif; quicksand is a hazard-block gimmick with no material to route. Forced edge.
1	False	undergroundworlds	undergroundworlds:freezing_* tools (freeze-on-hit weapons)	create:haunting — soul-fire transmutation as a thematic forging step for cold-enchanted tools	create	M-19	REJECT	{'REJECT': 1}	the freezing tools are dungeon loot drops, not crafted items; gating loot-found gear behind a Create recipe would contra
1	False	valarian_conquest	valarian_conquest:*_citizenship + mercenary hire (allegiance items / coin-gate for recruits)	numismatics coin gate	economy	M-09	ACCEPT	{'ACCEPT': 1}	Hiring a mercenary or swearing faction allegiance costs coin — combat ambition feeds the trade economy, and factions bec
1	False	valarian_conquest	faction gear / mercenary-hire trades	numismatics villager/trade economy	economy	M-14	ACCEPT	{'ACCEPT': 1}	paying a mercenary in coin — or buying faction arms from a quartermaster — is exactly how medieval economies worked; Num
1	False	valarian_conquest	valarian_conquest:armorsmith / builder stations (faction craft benches)	create:mechanical_crafting — gate the station recipe on a Brass Casing or Precision Mechanism input	create	M-05	ACCEPT	{'ACCEPT': 1}	a faction war machine needs precision metalwork; the armorsmith station requiring a Create-machined component grounds me
1	False	valarian_conquest	valarian_conquest:*_citizenship (faction allegiance items)	ars_nouveau:imbuement — imbuement as a consecration ritual to join a magical faction	magic	M-10	REJECT	{'REJECT': 1}	citizenship is a social/political allegiance mechanic, not a magical process; routing it through arcane infusion feels a
1	False	valarian_conquest	bandit boss / Ashan knight drop	M-15 boss-key gate for a Create armorsmith recipe	create	M-15	REJECT	{'REJECT': 1}	valarian_conquest doesn't ship a clearly-designated boss with a unique signature drop (Ashan drops blinding arrows, not 
1	False	vc_gliders	vc_gliders:paraglider_netherite (top tier)	create:sequenced_assembly	create	M-06	REJECT	{'REJECT': 1}	Netherite tier is already handled by the smithing-upgrade path in the base mod; layering a full sequenced_assembly chain
1	False	vc_gliders	vc_gliders:paraglider_diamond / paraglider_netherite (high-tier gliders)	create:mechanical_crafting	create	M-05	ACCEPT	{'ACCEPT': 1}	a diamond or netherite glider is gated behind a Mechanical Crafting recipe using Create metal sheets — flight gear for t
1	False	vc_gliders	vc_gliders:copper_upgrade	create:pressing	create	M-20	ACCEPT	{'ACCEPT': 1}	the copper upgrade is applied via a deployer — a pressed copper sheet deployed onto the glider gives the upgrade in one 
1	False	vc_gliders	vc_gliders:nether_upgrade	create:haunting	create	M-19	ACCEPT	{'ACCEPT': 1}	the nether upgrade (soul-fire / heat-themed behavior) is produced by haunting a base glider component over soul fire — C
1	False	vc_gliders	vc_gliders:paraglider_gold	ars_nouveau:imbuement	magic	M-10	REJECT	{'REJECT': 1}	gold gliders have no arcane theme — gold is a vanilla metal, not a magic material in this pack; infusing a gold paraglid
